,BOARDID,TRADEDATE,SHORTNAME,SECID,NUMTRADES,VALUE,OPEN,LOW,HIGH,LEGALCLOSEPRICE,WAPRICE,CLOSE,VOLUME,MARKETPRICE2,MARKETPRICE3,ADMITTEDQUOTE,MP2VALTRD,MARKETPRICE3TRADESVALUE,ADMITTEDVALUE,WAVAL
0,TQBR,2019-01-03,МосБиржа,MOEX,21049,812691090.8,80.95,80.77,84.49,84.49,82.95,84.49,9797330,82.95,82.95,84.49,812691090.8,812691090.8,812691090.8,
1,TQBR,2019-01-04,МосБиржа,MOEX,11567,475115006.1,84.5,83.58,84.8,84.0,84.23,84.0,5640400,84.23,84.23,84.0,475115006.1,475115006.1,475115006.1,
2,TQBR,2019-01-08,МосБиржа,MOEX,14687,572808692.3,84.46,83.33,84.85,83.7,83.85,83.7,6832940,83.83,83.83,83.7,572808692.3,572808692.3,572808692.3,
3,TQBR,2019-01-09,МосБиржа,MOEX,20791,779476540.8,84.21,83.41,84.27,83.93,83.86,83.93,9295330,83.86,83.86,83.93,779476540.8,779476540.8,779476540.8,
4,TQBR,2019-01-10,МосБиржа,MOEX,18168,607702672.9,84.06,83.7,84.89,84.7,84.54,84.7,7188760,84.54,84.54,84.7,607702672.9,607702672.9,607702672.9,
5,TQBR,2019-01-11,МосБиржа,MOEX,36001,1943779994.3,84.77,84.7,88.19,88.0,86.89,88.0,22371470,86.89,86.89,88.0,1943779994.3,1943779994.3,1943779994.3,
6,TQBR,2019-01-14,МосБиржа,MOEX,26718,1321104893.6,87.56,86.44,88.75,88.3,87.28,88.3,15137490,87.27,87.27,88.3,1321104893.6,1321104893.6,1321104893.6,
7,TQBR,2019-01-15,МосБиржа,MOEX,27125,1360037241.3,88.67,88.37,91.1,88.86,89.42,88.86,15213850,89.39,89.39,88.86,1360037241.3,1360037241.3,1360037241.3,
8,TQBR,2019-01-16,МосБиржа,MOEX,25069,1247818908.2,88.75,88.53,90.95,90.1,90.14,90.1,13844020,90.13,90.13,90.1,1247818908.2,1247818908.2,1247818908.2,
9,TQBR,2019-01-17,МосБиржа,MOEX,16096,627412883.9,90.25,89.84,90.96,90.05,90.17,90.05,6957870,90.17,90.17,90.05,627412883.9,627412883.9,627412883.9,
10,TQBR,2019-01-18,МосБиржа,MOEX,32784,1639450819.0,90.61,90.51,93.69,93.33,92.57,93.33,17705290,92.6,92.6,93.33,1639450819.0,1639450819.0,1639450819.0,
11,TQBR,2019-01-21,МосБиржа,MOEX,19596,978339193.7,93.39,92.85,94.83,94.7,94.05,94.7,10407130,94.01,94.01,94.7,978339193.7,978339193.7,978339193.7,
12,TQBR,2019-01-22,МосБиржа,MOEX,15008,670700364.9,94.1,93.57,94.55,94.4,94.0,94.4,7133460,94.02,94.02,94.4,670700364.9,670700364.9,670700364.9,
13,TQBR,2019-01-23,МосБиржа,MOEX,16304,757184067.2,94.39,93.8,95.39,94.4,94.65,94.4,7999990,94.65,94.65,94.4,757184067.2,757184067.2,757184067.2,
14,TQBR,2019-01-24,МосБиржа,MOEX,32021,1387360618.1,94.1,91.25,94.35,91.8,92.42,91.8,15011090,92.42,92.42,91.8,1387360618.1,1387360618.1,1387360618.1,
15,TQBR,2019-01-25,МосБиржа,MOEX,24391,911597319.7,91.96,90.36,93.2,91.49,91.28,91.49,9987290,91.28,91.28,91.49,911597319.7,911597319.7,911597319.7,
16,TQBR,2019-01-28,МосБиржа,MOEX,15458,654887500.9,91.35,90.05,92.43,90.5,91.03,90.5,7194340,91.03,91.03,90.5,654887500.9,654887500.9,654887500.9,
17,TQBR,2019-01-29,МосБиржа,MOEX,20528,890466268.1,90.13,89.52,91.8,91.8,90.68,91.8,9819660,90.68,90.68,91.8,890466268.1,890466268.1,890466268.1,
18,TQBR,2019-01-30,МосБиржа,MOEX,22053,827078669.1,91.62,90.7,91.95,91.9,91.52,91.9,9037650,91.51,91.51,91.9,827078669.1,827078669.1,827078669.1,
19,TQBR,2019-01-31,МосБиржа,MOEX,25853,1240854743.0,92.11,92.03,93.77,92.82,93.07,92.82,13332510,93.07,93.07,92.82,1240854743.0,1240854743.0,1240854743.0,
20,TQBR,2019-02-01,МосБиржа,MOEX,13985,664548770.5,92.61,92.56,94.23,93.5,93.67,93.5,7094150,93.68,93.68,93.5,664548770.5,664548770.5,664548770.5,
21,TQBR,2019-02-04,МосБиржа,MOEX,15534,549958126.4,93.94,92.5,94.38,92.7,93.17,92.7,5902870,93.17,93.17,92.7,549958126.4,549958126.4,549958126.4,
22,TQBR,2019-02-05,МосБиржа,MOEX,17383,524225599.2,92.75,91.7,92.76,91.7,92.16,91.7,5687940,92.16,92.16,91.7,524225599.2,524225599.2,524225599.2,
23,TQBR,2019-02-06,МосБиржа,MOEX,11793,524168371.2,91.88,91.18,92.7,91.5,91.82,91.5,5708900,91.82,91.82,91.5,524168371.2,524168371.2,524168371.2,
24,TQBR,2019-02-07,МосБиржа,MOEX,16733,658417273.4,91.49,89.9,91.49,90.07,90.49,90.07,7275520,90.5,90.5,90.07,658417273.4,658417273.4,658417273.4,
25,TQBR,2019-02-08,МосБиржа,MOEX,8810,303705074.2,89.89,89.7,91.2,90.7,90.59,90.7,3352650,90.59,90.59,90.7,303705074.2,303705074.2,303705074.2,
26,TQBR,2019-02-11,МосБиржа,MOEX,17472,694740120.1,90.3,90.17,91.69,90.3,90.95,90.3,7638450,90.95,90.95,90.3,694740120.1,694740120.1,694740120.1,
27,TQBR,2019-02-12,МосБиржа,MOEX,29403,1179670053.3,90.62,89.76,90.92,89.94,90.08,89.94,13095760,90.08,90.08,89.94,1179670053.3,1179670053.3,1179670053.3,
28,TQBR,2019-02-13,МосБиржа,MOEX,49289,2338212293.1,90.29,87.52,91.45,88.8,89.11,88.8,26240260,89.11,89.11,88.8,2338212293.1,2338212293.1,2338212293.1,
29,TQBR,2019-02-14,МосБиржа,MOEX,30704,1496714802.5,87.98,87.26,89.84,89.12,88.74,89.12,16865740,88.74,88.74,89.12,1496714802.5,1496714802.5,1496714802.5,
30,TQBR,2019-02-15,МосБиржа,MOEX,17094,859502974.0,89.23,89.05,90.15,90.15,89.59,90.15,9593620,89.59,89.59,90.15,859502974.0,859502974.0,859502974.0,
31,TQBR,2019-02-18,МосБиржа,MOEX,25013,707562672.0,90.15,89.5,90.65,89.71,90.08,89.71,7855080,90.08,90.08,89.71,707562672.0,707562672.0,707562672.0,
32,TQBR,2019-02-19,МосБиржа,MOEX,17929,728879385.7,89.7,89.0,90.2,89.52,89.46,89.52,8148020,89.45,89.45,89.52,728879385.7,728879385.7,728879385.7,
33,TQBR,2019-02-20,МосБиржа,MOEX,20441,746667745.3,90.0,89.55,90.08,89.6,89.83,89.6,8311900,89.83,89.83,89.6,746667745.3,746667745.3,746667745.3,
34,TQBR,2019-02-21,МосБиржа,MOEX,22979,730156759.0,89.85,88.77,89.94,88.91,89.24,88.91,8182170,89.24,89.24,88.91,730156759.0,730156759.0,730156759.0,
35,TQBR,2019-02-22,МосБиржа,MOEX,11074,353029889.8,89.35,88.98,89.7,89.5,89.4,89.5,3948750,89.4,89.4,89.5,353029889.8,353029889.8,353029889.8,
36,TQBR,2019-02-25,МосБиржа,MOEX,9414,450053786.4,89.62,89.32,90.15,89.67,89.82,89.67,5010550,89.82,89.82,89.67,450053786.4,450053786.4,450053786.4,
37,TQBR,2019-02-26,МосБиржа,MOEX,8195,413155884.3,89.7,89.11,90.43,90.43,89.72,90.43,4604890,89.72,89.72,90.43,413155884.3,413155884.3,413155884.3,
38,TQBR,2019-02-27,МосБиржа,MOEX,15481,792236413.3,90.55,89.94,91.16,90.67,90.51,90.67,8752610,90.51,90.51,90.67,792236413.3,792236413.3,792236413.3,
39,TQBR,2019-02-28,МосБиржа,MOEX,7191,528318358.7,90.4,89.91,91.22,91.22,90.71,91.22,5824150,90.71,90.71,91.22,528318358.7,528318358.7,528318358.7,
40,TQBR,2019-03-01,МосБиржа,MOEX,13811,707798204.9,91.22,90.72,91.95,91.57,91.34,91.57,7746690,91.37,91.37,91.57,707798204.9,707798204.9,707798204.9,
41,TQBR,2019-03-04,МосБиржа,MOEX,20819,897220025.5,91.75,91.44,93.37,92.44,92.54,92.44,9694490,92.55,92.55,92.44,897220025.5,897220025.5,897220025.5,
42,TQBR,2019-03-05,МосБиржа,MOEX,16954,730629976.2,92.44,91.6,93.22,92.38,92.34,92.38,7912110,92.34,92.34,92.38,730629976.2,730629976.2,730629976.2,
43,TQBR,2019-03-06,МосБиржа,MOEX,23613,1240267583.8,92.53,92.53,94.6,93.6,93.61,93.6,13249020,93.61,93.61,93.6,1240267583.8,1240267583.8,1240267583.8,
44,TQBR,2019-03-07,МосБиржа,MOEX,16749,814901692.7,93.59,93.09,94.72,93.95,93.96,93.95,8672430,93.96,93.96,93.95,814901692.7,814901692.7,814901692.7,
45,TQBR,2019-03-11,МосБиржа,MOEX,16007,711041621.6,93.65,93.03,94.92,93.14,94.0,93.14,7564350,94.0,94.0,93.14,711041621.6,711041621.6,711041621.6,
46,TQBR,2019-03-12,МосБиржа,MOEX,15980,598827841.1,93.67,92.91,94.1,93.0,93.41,93.0,6410460,93.41,93.41,93.0,598827841.1,598827841.1,598827841.1,
47,TQBR,2019-03-13,МосБиржа,MOEX,18040,931155914.0,93.0,91.62,93.69,91.82,92.35,91.82,10083190,92.35,92.35,91.82,931155914.0,931155914.0,931155914.0,
48,TQBR,2019-03-14,МосБиржа,MOEX,19523,652253129.0,92.0,91.0,92.21,91.5,91.28,91.5,7144510,91.29,91.29,91.5,652253129.0,652253129.0,652253129.0,
49,TQBR,2019-03-15,МосБиржа,MOEX,9994,611045300.9,91.66,90.71,91.81,91.08,91.24,91.08,6697700,91.23,91.23,91.08,611045300.9,611045300.9,611045300.9,
50,TQBR,2019-03-18,МосБиржа,MOEX,15550,523642267.1,91.5,90.77,91.94,91.45,91.36,91.45,5731780,91.36,91.36,91.45,523642267.1,523642267.1,523642267.1,
51,TQBR,2019-03-19,МосБиржа,MOEX,16330,530622120.2,91.71,90.9,91.94,91.11,91.24,91.11,5815800,91.24,91.24,91.11,530622120.2,530622120.2,530622120.2,
52,TQBR,2019-03-20,МосБиржа,MOEX,13931,557596303.0,91.16,90.11,91.29,90.54,90.7,90.54,6147740,90.7,90.7,90.54,557596303.0,557596303.0,557596303.0,
53,TQBR,2019-03-21,МосБиржа,MOEX,20178,833134556.1,90.8,90.31,90.9,90.63,90.52,90.63,9204100,90.52,90.52,90.63,833134556.1,833134556.1,833134556.1,
54,TQBR,2019-03-22,МосБиржа,MOEX,24740,759320843.2,90.66,89.05,90.88,89.08,89.62,89.08,8473080,89.62,89.62,89.08,759320843.2,759320843.2,759320843.2,
55,TQBR,2019-03-25,МосБиржа,MOEX,27131,1157721798.8,89.08,88.4,90.63,90.5,89.67,90.5,12924750,89.57,89.57,90.5,1157721798.8,1157721798.8,1157721798.8,
56,TQBR,2019-03-26,МосБиржа,MOEX,14162,652113321.3,90.62,90.27,91.78,91.07,91.11,91.07,7158170,91.1,91.1,91.07,652113321.3,652113321.3,652113321.3,
57,TQBR,2019-03-27,МосБиржа,MOEX,11412,449932241.9,91.2,90.2,91.58,90.61,90.73,90.61,4959270,90.73,90.73,90.61,449932241.9,449932241.9,449932241.9,
58,TQBR,2019-03-28,МосБиржа,MOEX,5735,177311387.3,90.3,90.11,90.75,90.64,90.5,90.64,1959310,90.5,90.5,90.64,177311387.3,177311387.3,177311387.3,
59,TQBR,2019-03-29,МосБиржа,MOEX,16255,744344267.8,90.72,90.64,91.66,91.3,91.18,91.3,8163140,91.18,91.18,91.3,744344267.8,744344267.8,744344267.8,
60,TQBR,2019-04-01,МосБиржа,MOEX,12431,553022999.2,91.58,91.42,92.46,92.34,92.13,92.34,6002850,92.13,92.13,92.34,553022999.2,553022999.2,553022999.2,
61,TQBR,2019-04-02,МосБиржа,MOEX,9391,457681054.1,92.39,92.03,92.95,92.14,92.57,92.14,4944180,92.57,92.57,92.14,457681054.1,457681054.1,457681054.1,
62,TQBR,2019-04-03,МосБиржа,MOEX,20865,871739837.2,92.03,90.71,92.8,90.77,91.38,90.77,9538690,91.39,91.39,90.77,871739837.2,871739837.2,871739837.2,
63,TQBR,2019-04-04,МосБиржа,MOEX,11656,389381464.6,91.03,90.55,91.5,91.27,91.08,91.27,4275170,91.08,91.08,91.27,389381464.6,389381464.6,389381464.6,
64,TQBR,2019-04-05,МосБиржа,MOEX,9016,392464707.1,91.21,90.97,92.0,91.02,91.46,91.02,4290360,91.48,91.48,91.02,392464707.1,392464707.1,392464707.1,
65,TQBR,2019-04-08,МосБиржа,MOEX,11214,693276598.4,91.38,90.86,91.55,91.0,91.15,91.0,7605620,91.15,91.15,91.0,693276598.4,693276598.4,693276598.4,
66,TQBR,2019-04-09,МосБиржа,MOEX,13113,840217447.8,91.0,90.8,91.43,91.04,91.08,91.04,9225520,91.08,91.08,91.04,840217447.8,840217447.8,840217447.8,
67,TQBR,2019-04-10,МосБиржа,MOEX,28119,1514863379.5,91.26,91.14,93.8,93.11,92.75,93.11,16333090,92.75,92.75,93.11,1514863379.5,1514863379.5,1514863379.5,
68,TQBR,2019-04-11,МосБиржа,MOEX,18152,777447386.2,93.15,91.5,93.37,91.5,92.23,91.5,8429550,92.23,92.23,91.5,777447386.2,777447386.2,777447386.2,
69,TQBR,2019-04-12,МосБиржа,MOEX,12574,595050056.5,91.73,91.22,92.18,91.4,91.72,91.4,6487920,91.72,91.72,91.4,595050056.5,595050056.5,595050056.5,
70,TQBR,2019-04-15,МосБиржа,MOEX,12928,676209388.1,91.5,91.25,91.9,91.46,91.5,91.46,7389940,91.5,91.5,91.46,676209388.1,676209388.1,676209388.1,
71,TQBR,2019-04-16,МосБиржа,MOEX,25973,1003626229.9,91.8,90.86,92.05,91.05,91.29,91.05,10993420,91.29,91.29,91.05,1003626229.9,1003626229.9,1003626229.9,
72,TQBR,2019-04-17,МосБиржа,MOEX,14086,714445870.2,91.35,90.71,91.58,91.2,91.04,91.2,7847250,91.04,91.04,91.2,714445870.2,714445870.2,714445870.2,
73,TQBR,2019-04-18,МосБиржа,MOEX,7387,323076709.1,91.01,90.81,91.47,91.25,91.17,91.25,3543620,91.17,91.17,91.25,323076709.1,323076709.1,323076709.1,
74,TQBR,2019-04-19,МосБиржа,MOEX,9938,397113382.7,91.18,91.1,92.0,91.6,91.66,91.6,4332600,91.66,91.66,91.6,397113382.7,397113382.7,397113382.7,
75,TQBR,2019-04-22,МосБиржа,MOEX,23021,450601644.3,92.0,91.71,92.4,92.19,92.07,92.19,4893970,92.07,92.07,92.19,450601644.3,450601644.3,450601644.3,
76,TQBR,2019-04-23,МосБиржа,MOEX,35576,715148532.4,92.4,91.43,92.7,91.5,91.98,91.5,7775360,91.98,91.98,91.5,715148532.4,715148532.4,715148532.4,
77,TQBR,2019-04-24,МосБиржа,MOEX,12806,559468381.8,91.59,91.11,91.59,91.32,91.27,91.32,6129800,91.27,91.27,91.32,559468381.8,559468381.8,559468381.8,
78,TQBR,2019-04-25,МосБиржа,MOEX,20419,762438719.1,91.33,90.7,91.54,90.7,90.98,90.7,8380260,90.98,90.98,90.7,762438719.1,762438719.1,762438719.1,
79,TQBR,2019-04-26,МосБиржа,MOEX,20672,748879657.0,90.7,90.17,91.21,90.99,90.55,90.99,8270420,90.55,90.55,90.99,748879657.0,748879657.0,748879657.0,
80,TQBR,2019-04-29,МосБиржа,MOEX,17780,1074738898.4,91.1,91.05,92.4,91.68,91.95,91.68,11688710,91.95,91.95,91.68,1074738898.4,1074738898.4,1074738898.4,
81,TQBR,2019-04-30,МосБиржа,MOEX,38839,1828872474.7,91.0,89.88,91.05,91.05,90.57,91.05,20192260,90.57,90.57,91.05,1828872474.7,1828872474.7,1828872474.7,
82,TQBR,2019-05-02,МосБиржа,MOEX,14156,692480096.9,90.78,90.7,91.32,90.8,90.92,90.8,7616420,90.92,90.92,90.8,692480096.9,692480096.9,692480096.9,
83,TQBR,2019-05-03,МосБиржа,MOEX,20650,1044070323.7,91.02,90.89,92.15,91.83,91.78,91.83,11375240,91.78,91.78,91.83,1044070323.7,1044070323.7,1044070323.7,
84,TQBR,2019-05-06,МосБиржа,MOEX,19503,999015570.2,91.5,91.06,93.17,93.17,92.4,93.17,10812290,92.4,92.4,93.17,999015570.2,999015570.2,999015570.2,
85,TQBR,2019-05-07,МосБиржа,MOEX,26229,1135895110.6,93.02,92.25,93.84,93.8,93.25,93.8,12181650,93.25,93.25,93.8,1135895110.6,1135895110.6,1135895110.6,
86,TQBR,2019-05-08,МосБиржа,MOEX,27344,1249922188.6,93.18,92.03,93.87,92.47,92.89,92.47,13456200,92.89,92.89,92.47,1249922188.6,1249922188.6,1249922188.6,
87,TQBR,2019-05-10,МосБиржа,MOEX,29760,1656315060.8,92.51,91.55,93.03,91.67,92.06,91.67,17990890,92.06,92.06,91.67,1656315060.8,1656315060.8,1656315060.8,
88,TQBR,2019-05-13,МосБиржа,MOEX,40275,1638702779.3,84.98,84.78,87.36,86.34,86.28,86.34,18992900,86.28,86.28,86.34,1638702779.3,1638702779.3,1638702779.3,
89,TQBR,2019-05-14,МосБиржа,MOEX,21738,856457740.6,86.5,85.27,87.35,85.51,86.37,85.51,9916440,86.37,86.37,85.51,856457740.6,856457740.6,856457740.6,
90,TQBR,2019-05-15,МосБиржа,MOEX,23162,893366347.0,85.65,83.9,85.99,84.8,84.9,84.8,10519820,84.92,84.92,84.8,893366347.0,893366347.0,893366347.0,
91,TQBR,2019-05-16,МосБиржа,MOEX,21581,799504320.7,85.09,84.4,85.5,84.7,84.95,84.7,9411380,84.95,84.95,84.7,799504320.7,799504320.7,799504320.7,
92,TQBR,2019-05-17,МосБиржа,MOEX,24386,808651706.7,84.7,83.38,85.36,83.8,84.16,83.8,9608250,84.16,84.16,83.8,808651706.7,808651706.7,808651706.7,
93,TQBR,2019-05-20,МосБиржа,MOEX,20791,704809048.0,84.0,83.42,84.86,84.15,84.15,84.15,8367240,84.23,84.23,84.15,704809048.0,704809048.0,704809048.0,
94,TQBR,2019-05-21,МосБиржа,MOEX,16813,545054788.9,84.43,84.03,85.07,84.2,84.41,84.2,6457350,84.41,84.41,84.2,545054788.9,545054788.9,545054788.9,
95,TQBR,2019-05-22,МосБиржа,MOEX,19404,461962353.2,84.59,84.24,84.96,84.57,84.73,84.57,5452260,84.73,84.73,84.57,461962353.2,461962353.2,461962353.2,
96,TQBR,2019-05-23,МосБиржа,MOEX,15475,514614283.5,84.49,83.83,84.92,83.9,84.37,83.9,6099530,84.37,84.37,83.9,514614283.5,514614283.5,514614283.5,
97,TQBR,2019-05-24,МосБиржа,MOEX,15638,478184456.0,84.0,83.59,84.7,83.59,84.09,83.59,5685820,84.1,84.1,83.59,478184456.0,478184456.0,478184456.0,
98,TQBR,2019-05-27,МосБиржа,MOEX,10196,357469694.4,83.75,83.74,84.47,84.3,84.21,84.3,4245220,84.21,84.21,84.3,357469694.4,357469694.4,357469694.4,
99,TQBR,2019-05-28,МосБиржа,MOEX,28149,964560377.7,84.32,83.4,84.4,83.5,83.67,83.5,11528650,83.67,83.67,83.5,964560377.7,964560377.7,964560377.7,
100,TQBR,2019-05-29,МосБиржа,MOEX,19799,684068977.8,83.49,83.23,84.33,84.3,83.9,84.3,8153520,83.9,83.9,84.3,684068977.8,684068977.8,684068977.8,
101,TQBR,2019-05-30,МосБиржа,MOEX,14723,571461887.7,84.41,83.85,84.86,84.75,84.45,84.75,6767800,84.44,84.44,84.75,571461887.7,571461887.7,571461887.7,
102,TQBR,2019-05-31,МосБиржа,MOEX,15829,541495970.3,84.4,83.97,84.75,84.75,84.37,84.75,6417790,84.37,84.37,84.75,541495970.3,541495970.3,541495970.3,
103,TQBR,2019-06-03,МосБиржа,MOEX,21930,744732149.1,84.25,84.04,84.82,84.82,84.42,84.82,8821420,84.42,84.42,84.82,744732149.1,744732149.1,744732149.1,
104,TQBR,2019-06-04,МосБиржа,MOEX,32784,1297323679.1,84.83,84.43,86.14,85.98,85.68,85.98,15141450,85.68,85.68,85.98,1297323679.1,1297323679.1,1297323679.1,
105,TQBR,2019-06-05,МосБиржа,MOEX,24988,806396485.6,85.5,85.11,86.35,85.56,85.77,85.56,9401460,85.77,85.77,85.56,806396485.6,806396485.6,806396485.6,
106,TQBR,2019-06-06,МосБиржа,MOEX,23948,1100994994.0,85.73,85.5,86.9,86.58,86.56,86.58,12719600,86.56,86.56,86.58,1100994994.0,1100994994.0,1100994994.0,
107,TQBR,2019-06-07,МосБиржа,MOEX,25501,1323790662.2,86.83,86.66,88.38,87.55,87.44,87.55,15138840,87.44,87.44,87.55,1323790662.2,1323790662.2,1323790662.2,
108,TQBR,2019-06-10,МосБиржа,MOEX,32801,1427103875.5,87.59,87.58,89.31,89.24,88.52,89.24,16122450,88.52,88.52,89.24,1427103875.5,1427103875.5,1427103875.5,
109,TQBR,2019-06-11,МосБиржа,MOEX,38983,1452348641.5,89.0,88.98,89.99,89.55,89.71,89.55,16189110,89.71,89.71,89.55,1452348641.5,1452348641.5,1452348641.5,
110,TQBR,2019-06-13,МосБиржа,MOEX,21758,1052829258.3,89.55,87.88,89.75,89.5,88.87,89.5,11847220,88.87,88.87,89.5,1052829258.3,1052829258.3,1052829258.3,
111,TQBR,2019-06-14,МосБиржа,MOEX,18531,928956664.1,89.36,88.5,90.0,89.3,89.28,89.3,10404920,89.28,89.28,89.3,928956664.1,928956664.1,928956664.1,
112,TQBR,2019-06-17,МосБиржа,MOEX,15637,1038215119.4,89.4,88.84,89.43,89.1,89.11,89.1,11650520,89.11,89.11,89.1,1038215119.4,1038215119.4,1038215119.4,
113,TQBR,2019-06-18,МосБиржа,MOEX,18918,778725424.9,88.8,88.53,89.48,89.42,88.91,89.42,8758100,88.91,88.91,89.42,778725424.9,778725424.9,778725424.9,
114,TQBR,2019-06-19,МосБиржа,MOEX,23898,786564914.4,89.42,89.35,90.0,90.0,89.76,90.0,8763290,89.76,89.76,90.0,786564914.4,786564914.4,786564914.4,
115,TQBR,2019-06-20,МосБиржа,MOEX,24720,1031633723.3,90.72,90.16,90.97,90.68,90.59,90.68,11387050,90.6,90.6,90.68,1031633723.3,1031633723.3,1031633723.3,
116,TQBR,2019-06-21,МосБиржа,MOEX,18250,878999296.1,90.5,88.75,90.8,89.68,89.69,89.68,9804540,89.65,89.65,89.68,878999296.1,878999296.1,878999296.1,
117,TQBR,2019-06-24,МосБиржа,MOEX,12164,543432527.4,89.6,88.61,90.08,89.41,89.47,89.41,6073740,89.47,89.47,89.41,543432527.4,543432527.4,543432527.4,
118,TQBR,2019-06-25,МосБиржа,MOEX,22103,460844657.5,89.68,88.88,89.92,89.35,89.42,89.35,5153790,89.42,89.42,89.35,460844657.5,460844657.5,460844657.5,
119,TQBR,2019-06-26,МосБиржа,MOEX,12077,462574945.2,89.5,89.37,90.3,90.3,89.91,90.3,5145700,89.9,89.9,90.3,462574945.2,462574945.2,462574945.2,
120,TQBR,2019-06-27,МосБиржа,MOEX,10194,465558389.8,90.31,89.6,90.5,89.77,90.09,89.77,5168190,90.08,90.08,89.77,465558389.8,465558389.8,465558389.8,
121,TQBR,2019-06-28,МосБиржа,MOEX,17792,605345390.5,89.7,89.45,90.15,90.15,89.91,90.15,6732560,89.91,89.91,90.15,605345390.5,605345390.5,605345390.5,
122,TQBR,2019-07-01,МосБиржа,MOEX,19822,633639712.4,90.5,90.02,90.9,90.9,90.6,90.9,6994010,90.6,90.6,90.9,633639712.4,633639712.4,633639712.4,
123,TQBR,2019-07-02,МосБиржа,MOEX,30146,1239803505.3,90.9,90.4,91.98,91.98,91.66,91.98,13527410,91.65,91.65,91.98,1239803505.3,1239803505.3,1239803505.3,
124,TQBR,2019-07-03,МосБиржа,MOEX,23013,1177728262.8,92.18,91.7,92.98,92.7,92.53,92.7,12729050,92.52,92.52,92.7,1177728262.8,1177728262.8,1177728262.8,
125,TQBR,2019-07-04,МосБиржа,MOEX,23267,1397286141.7,92.92,92.21,94.32,94.3,93.44,94.3,14953260,93.44,93.44,94.3,1397286141.7,1397286141.7,1397286141.7,
126,TQBR,2019-07-05,МосБиржа,MOEX,25945,1457468332.4,94.4,93.85,95.99,95.3,94.92,95.3,15355020,94.92,94.92,95.3,1457468332.4,1457468332.4,1457468332.4,
127,TQBR,2019-07-08,МосБиржа,MOEX,26377,1088401694.7,95.05,94.12,96.92,96.42,95.86,96.42,11354700,95.85,95.85,96.42,1088401694.7,1088401694.7,1088401694.7,
128,TQBR,2019-07-09,МосБиржа,MOEX,17968,663573106.8,96.47,94.94,97.23,95.32,96.08,95.32,6907800,96.06,96.06,95.32,663573106.8,663573106.8,663573106.8,
129,TQBR,2019-07-10,МосБиржа,MOEX,18069,990828179.6,95.32,93.86,95.67,95.0,94.66,95.0,10467120,94.66,94.66,95.0,990828179.6,990828179.6,990828179.6,
130,TQBR,2019-07-11,МосБиржа,MOEX,13068,573781535.7,94.7,94.04,95.4,94.9,94.65,94.9,6062060,94.65,94.65,94.9,573781535.7,573781535.7,573781535.7,
131,TQBR,2019-07-12,МосБиржа,MOEX,26087,645844238.6,94.7,92.77,94.7,93.97,93.84,93.97,6882970,93.83,93.83,93.97,645844238.6,645844238.6,645844238.6,
132,TQBR,2019-07-15,МосБиржа,MOEX,15900,651716541.7,94.3,93.5,95.18,95.18,94.56,95.18,6891820,94.56,94.56,95.18,651716541.7,651716541.7,651716541.7,
133,TQBR,2019-07-16,МосБиржа,MOEX,12389,549349617.0,95.01,93.35,95.64,93.45,93.86,93.45,5853130,93.86,93.86,93.45,549349617.0,549349617.0,549349617.0,
134,TQBR,2019-07-17,МосБиржа,MOEX,10748,459033444.4,93.69,92.67,94.1,92.73,93.23,92.73,4923400,93.24,93.24,92.73,459033444.4,459033444.4,459033444.4,
135,TQBR,2019-07-18,МосБиржа,MOEX,12235,440915431.0,92.7,91.85,93.22,92.99,92.46,92.99,4768520,92.46,92.46,92.99,440915431.0,440915431.0,440915431.0,
136,TQBR,2019-07-19,МосБиржа,MOEX,8723,338549254.9,93.5,92.51,93.7,93.06,93.21,93.06,3632520,93.2,93.2,93.06,338549254.9,338549254.9,338549254.9,
137,TQBR,2019-07-22,МосБиржа,MOEX,6857,305547094.8,93.05,91.96,93.11,92.22,92.54,92.22,3301960,92.54,92.54,92.22,305547094.8,305547094.8,305547094.8,
138,TQBR,2019-07-23,МосБиржа,MOEX,9684,377239478.4,92.35,91.5,92.49,91.51,91.85,91.51,4107330,91.85,91.85,91.51,377239478.4,377239478.4,377239478.4,
139,TQBR,2019-07-24,МосБиржа,MOEX,39132,1408853646.0,91.6,89.19,91.6,90.0,90.18,90.0,15625170,90.17,90.17,90.0,1408853646.0,1408853646.0,1408853646.0,
140,TQBR,2019-07-25,МосБиржа,MOEX,19498,745681910.0,90.19,89.87,92.02,92.0,91.54,92.0,8146270,91.54,91.54,92.0,745681910.0,745681910.0,745681910.0,
141,TQBR,2019-07-26,МосБиржа,MOEX,11146,365697466.4,92.0,91.0,92.4,91.14,91.55,91.14,3994380,91.55,91.55,91.14,365697466.4,365697466.4,365697466.4,
142,TQBR,2019-07-29,МосБиржа,MOEX,11020,429046952.7,91.7,91.07,92.5,91.95,91.87,91.95,4670180,91.87,91.87,91.95,429046952.7,429046952.7,429046952.7,
143,TQBR,2019-07-30,МосБиржа,MOEX,13987,494225913.3,92.0,91.87,93.31,93.31,92.89,93.31,5320700,92.89,92.89,93.31,494225913.3,494225913.3,494225913.3,
144,TQBR,2019-07-31,МосБиржа,MOEX,18480,541697951.2,93.44,92.82,93.56,93.16,93.26,93.16,5808450,93.26,93.26,93.16,541697951.2,541697951.2,541697951.2,
145,TQBR,2019-08-01,МосБиржа,MOEX,22657,549187473.9,93.14,92.22,93.75,92.49,92.92,92.49,5911810,92.9,92.9,92.49,549187473.9,549187473.9,549187473.9,
146,TQBR,2019-08-02,МосБиржа,MOEX,21481,646525229.7,91.8,91.4,92.76,92.4,92.25,92.4,7008070,92.25,92.25,92.4,646525229.7,646525229.7,646525229.7,
147,TQBR,2019-08-05,МосБиржа,MOEX,16321,640940580.1,92.04,92.04,93.6,93.5,93.12,93.5,6883260,93.12,93.12,93.5,640940580.1,640940580.1,640940580.1,
148,TQBR,2019-08-06,МосБиржа,MOEX,40792,1742332829.6,93.38,93.08,95.91,94.9,95.02,94.9,18337190,95.02,95.02,94.9,1742332829.6,1742332829.6,1742332829.6,
149,TQBR,2019-08-07,МосБиржа,MOEX,23196,740448112.4,95.1,94.17,95.78,95.4,95.25,95.4,7771120,95.28,95.28,95.4,740448112.4,740448112.4,740448112.4,
150,TQBR,2019-08-08,МосБиржа,MOEX,15867,594134210.6,95.57,95.5,96.75,95.5,96.17,95.5,6177850,96.17,96.17,95.5,594134210.6,594134210.6,594134210.6,
151,TQBR,2019-08-09,МосБиржа,MOEX,15078,552725754.8,95.2,94.15,95.74,94.9,94.92,94.9,5822990,94.92,94.92,94.9,552725754.8,552725754.8,552725754.8,
152,TQBR,2019-08-12,МосБиржа,MOEX,10431,273473815.4,94.94,94.2,95.34,94.8,94.63,94.8,2890070,94.63,94.63,94.8,273473815.4,273473815.4,273473815.4,
153,TQBR,2019-08-13,МосБиржа,MOEX,14046,495946998.2,94.7,93.8,94.9,94.8,94.51,94.8,5247720,94.51,94.51,94.8,495946998.2,495946998.2,495946998.2,
154,TQBR,2019-08-14,МосБиржа,MOEX,15330,593057257.5,94.94,93.2,95.37,94.0,93.82,94.0,6321080,93.82,93.82,94.0,593057257.5,593057257.5,593057257.5,
155,TQBR,2019-08-15,МосБиржа,MOEX,13262,466683639.4,93.69,92.3,94.0,93.16,93.13,93.16,5011560,93.12,93.12,93.16,466683639.4,466683639.4,466683639.4,
156,TQBR,2019-08-16,МосБиржа,MOEX,8381,392459341.5,93.4,91.83,93.9,91.83,92.61,91.83,4237740,92.61,92.61,91.83,392459341.5,392459341.5,392459341.5,
157,TQBR,2019-08-19,МосБиржа,MOEX,11565,395433309.9,92.2,90.66,93.0,92.6,91.99,92.6,4311760,91.71,91.71,92.6,395433309.9,395433309.9,395433309.9,
158,TQBR,2019-08-20,МосБиржа,MOEX,12472,377655242.7,93.0,91.5,93.0,91.5,92.01,91.5,4103960,92.02,92.02,91.5,377655242.7,377655242.7,377655242.7,
159,TQBR,2019-08-21,МосБиржа,MOEX,20290,421693570.7,91.79,91.2,92.31,91.9,91.89,91.9,4590690,91.86,91.86,91.9,421693570.7,421693570.7,421693570.7,
160,TQBR,2019-08-22,МосБиржа,MOEX,21509,515756112.7,92.28,91.26,93.0,92.65,92.36,92.65,5587430,92.31,92.31,92.65,515756112.7,515756112.7,515756112.7,
161,TQBR,2019-08-23,МосБиржа,MOEX,38087,972213742.5,93.1,92.9,94.5,93.5,93.87,93.5,10357770,93.86,93.86,93.5,972213742.5,972213742.5,972213742.5,
162,TQBR,2019-08-26,МосБиржа,MOEX,7474,300636101.5,93.45,92.72,93.8,93.3,93.26,93.3,3223550,93.26,93.26,93.3,300636101.5,300636101.5,300636101.5,
163,TQBR,2019-08-27,МосБиржа,MOEX,14711,739495766.4,93.74,93.48,94.8,94.33,94.24,94.33,7846910,94.24,94.24,94.33,739495766.4,739495766.4,739495766.4,
164,TQBR,2019-08-28,МосБиржа,MOEX,11132,415219147.2,94.33,94.07,95.27,95.27,94.68,95.27,4385580,94.68,94.68,95.27,415219147.2,415219147.2,415219147.2,
165,TQBR,2019-08-29,МосБиржа,MOEX,9167,369758930.4,95.05,94.85,95.92,95.8,95.47,95.8,3873040,95.47,95.47,95.8,369758930.4,369758930.4,369758930.4,
166,TQBR,2019-08-30,МосБиржа,MOEX,19364,700217196.1,95.7,94.27,95.7,94.62,94.77,94.62,7389340,94.76,94.76,94.62,700217196.1,700217196.1,700217196.1,
167,TQBR,2019-09-02,МосБиржа,MOEX,12183,392757738.0,95.7,94.04,95.7,94.64,94.66,94.64,4149010,94.66,94.66,94.64,392757738.0,392757738.0,392757738.0,
168,TQBR,2019-09-03,МосБиржа,MOEX,17414,658244284.2,94.5,93.3,95.27,95.22,94.16,95.22,6990430,94.16,94.16,95.22,658244284.2,658244284.2,658244284.2,
169,TQBR,2019-09-04,МосБиржа,MOEX,10467,533703892.2,95.3,94.65,95.73,95.53,95.24,95.53,5603490,95.24,95.24,95.53,533703892.2,533703892.2,533703892.2,
170,TQBR,2019-09-05,МосБиржа,MOEX,18900,609043663.5,95.7,95.01,96.19,95.3,95.41,95.3,6382550,95.42,95.42,95.3,609043663.5,609043663.5,609043663.5,
171,TQBR,2019-09-06,МосБиржа,MOEX,11834,494464150.8,95.3,94.62,96.19,95.54,95.46,95.54,5179830,95.46,95.46,95.54,494464150.8,494464150.8,494464150.8,
172,TQBR,2019-09-09,МосБиржа,MOEX,21001,677253015.9,95.15,93.75,96.01,95.65,95.0,95.65,7129160,95.0,95.0,95.65,677253015.9,677253015.9,677253015.9,
173,TQBR,2019-09-10,МосБиржа,MOEX,24762,613782102.1,95.16,94.5,95.64,95.18,95.02,95.18,6459590,95.02,95.02,95.18,613782102.1,613782102.1,613782102.1,
174,TQBR,2019-09-11,МосБиржа,MOEX,21233,1055221317.4,95.44,94.05,96.98,96.79,96.53,96.79,10933410,96.51,96.51,96.79,1055221317.4,1055221317.4,1055221317.4,
175,TQBR,2019-09-12,МосБиржа,MOEX,19485,762552751.7,96.7,95.8,97.64,96.0,96.61,96.0,7893290,96.61,96.61,96.0,762552751.7,762552751.7,762552751.7,
176,TQBR,2019-09-13,МосБиржа,MOEX,32545,1444556031.5,96.2,95.33,97.77,96.8,96.64,96.8,14943110,96.67,96.67,96.8,1444556031.5,1444556031.5,1444556031.5,
177,TQBR,2019-09-16,МосБиржа,MOEX,16970,764885373.0,97.0,96.07,97.38,97.35,96.93,97.35,7891060,96.93,96.93,97.35,764885373.0,764885373.0,764885373.0,
178,TQBR,2019-09-17,МосБиржа,MOEX,19120,731891645.2,97.21,96.47,97.69,96.65,97.07,96.65,7539470,97.07,97.07,96.65,731891645.2,731891645.2,731891645.2,
179,TQBR,2019-09-18,МосБиржа,MOEX,22855,535994393.3,96.48,95.52,96.9,95.96,96.38,95.96,5561250,96.38,96.38,95.96,535994393.3,535994393.3,535994393.3,
180,TQBR,2019-09-19,МосБиржа,MOEX,27027,487833921.8,95.95,95.54,96.81,96.24,96.27,96.24,5067390,96.27,96.27,96.24,487833921.8,487833921.8,487833921.8,
181,TQBR,2019-09-20,МосБиржа,MOEX,11195,552329596.8,96.62,95.26,96.66,95.58,95.83,95.58,5763710,95.83,95.83,95.58,552329596.8,552329596.8,552329596.8,
182,TQBR,2019-09-23,МосБиржа,MOEX,11761,364124465.1,95.29,94.3,96.12,96.12,95.15,96.12,3829620,95.08,95.08,96.12,364124465.1,364124465.1,364124465.1,
183,TQBR,2019-09-24,МосБиржа,MOEX,13567,312169585.4,95.71,94.7,96.0,95.15,95.19,95.15,3279570,95.19,95.19,95.15,312169585.4,312169585.4,312169585.4,
184,TQBR,2019-09-25,МосБиржа,MOEX,10397,435564419.1,94.7,94.1,95.09,94.99,94.7,94.99,4598670,94.72,94.72,94.99,435564419.1,435564419.1,435564419.1,
185,TQBR,2019-09-26,МосБиржа,MOEX,10935,293417576.0,94.99,94.37,95.35,94.94,94.92,94.94,3090870,94.93,94.93,94.94,293417576.0,293417576.0,293417576.0,
186,TQBR,2019-09-27,МосБиржа,MOEX,12946,335832378.2,94.7,94.55,95.66,94.85,95.13,94.85,3530200,95.13,95.13,94.85,335832378.2,335832378.2,335832378.2,
187,TQBR,2019-09-30,МосБиржа,MOEX,16097,367775266.5,94.87,94.25,95.29,94.74,94.74,94.74,3882060,94.74,94.74,94.74,367775266.5,367775266.5,367775266.5,
188,TQBR,2019-10-01,МосБиржа,MOEX,10716,303871460.5,94.99,94.41,95.23,95.03,94.93,95.03,3200910,94.93,94.93,95.03,303871460.5,303871460.5,303871460.5,
189,TQBR,2019-10-02,МосБиржа,MOEX,43258,1142435144.5,94.75,91.32,95.63,91.55,93.82,91.55,12183160,93.77,93.77,91.55,1142435144.5,1142435144.5,1142435144.5,
190,TQBR,2019-10-03,МосБиржа,MOEX,21688,780138899.4,91.7,90.51,92.68,91.69,91.43,91.69,8533410,91.42,91.42,91.69,780138899.4,780138899.4,780138899.4,
191,TQBR,2019-10-04,МосБиржа,MOEX,18326,515292709.4,92.0,91.3,93.16,91.44,91.99,91.44,5600670,92.01,92.01,91.44,515292709.4,515292709.4,515292709.4,
192,TQBR,2019-10-07,МосБиржа,MOEX,13939,313076979.5,91.9,90.85,92.1,91.01,91.35,91.01,3427060,91.35,91.35,91.01,313076979.5,313076979.5,313076979.5,
193,TQBR,2019-10-08,МосБиржа,MOEX,22052,636672321.4,91.01,89.62,91.34,90.0,90.16,90.0,7060360,90.18,90.18,90.0,636672321.4,636672321.4,636672321.4,
194,TQBR,2019-10-09,МосБиржа,MOEX,20723,584152295.3,90.0,89.55,90.56,90.1,90.13,90.1,6481430,90.13,90.13,90.1,584152295.3,584152295.3,584152295.3,
195,TQBR,2019-10-10,МосБиржа,MOEX,14407,349797479.6,89.8,89.72,90.37,90.0,89.97,90.0,3888040,89.97,89.97,90.0,349797479.6,349797479.6,349797479.6,
196,TQBR,2019-10-11,МосБиржа,MOEX,15666,434693421.1,90.35,89.64,90.42,90.25,90.09,90.25,4824890,90.09,90.09,90.25,434693421.1,434693421.1,434693421.1,
197,TQBR,2019-10-14,МосБиржа,MOEX,14138,542802166.6,90.4,89.23,90.95,89.69,90.0,89.69,6030860,90.0,90.0,89.69,542802166.6,542802166.6,542802166.6,
198,TQBR,2019-10-15,МосБиржа,MOEX,23308,880640940.9,90.42,90.34,91.75,91.5,91.04,91.5,9672960,91.04,91.04,91.5,880640940.9,880640940.9,880640940.9,
199,TQBR,2019-10-16,МосБиржа,MOEX,23930,1053895175.2,91.73,91.37,93.95,93.95,92.72,93.95,11366250,92.72,92.72,93.95,1053895175.2,1053895175.2,1053895175.2,
200,TQBR,2019-10-17,МосБиржа,MOEX,26382,799174440.1,93.69,92.31,94.73,92.7,93.26,92.7,8566620,93.29,93.29,92.7,799174440.1,799174440.1,799174440.1,
201,TQBR,2019-10-18,МосБиржа,MOEX,14754,456223609.6,92.74,92.39,93.79,92.7,93.1,92.7,4900330,93.1,93.1,92.7,456223609.6,456223609.6,456223609.6,
202,TQBR,2019-10-21,МосБиржа,MOEX,11705,490786334.2,92.85,92.02,93.29,93.26,92.7,93.26,5294530,92.7,92.7,93.26,490786334.2,490786334.2,490786334.2,
203,TQBR,2019-10-22,МосБиржа,MOEX,22237,791463508.7,93.5,92.22,94.39,92.99,93.07,92.99,8500320,93.11,93.11,92.99,791463508.7,791463508.7,791463508.7,
204,TQBR,2019-10-23,МосБиржа,MOEX,14322,392693723.4,92.98,92.5,93.32,93.05,92.84,93.05,4229960,92.84,92.84,93.05,392693723.4,392693723.4,392693723.4,
205,TQBR,2019-10-24,МосБиржа,MOEX,23883,865842458.8,93.0,91.36,93.07,92.15,92.24,92.15,9387320,92.24,92.24,92.15,865842458.8,865842458.8,865842458.8,
206,TQBR,2019-10-25,МосБиржа,MOEX,20765,712978392.6,92.05,91.72,93.2,93.2,92.63,93.2,7699590,92.6,92.6,93.2,712978392.6,712978392.6,712978392.6,
207,TQBR,2019-10-28,МосБиржа,MOEX,15495,628741164.6,93.0,93.0,94.21,93.61,93.68,93.61,6711660,93.68,93.68,93.61,628741164.6,628741164.6,628741164.6,
208,TQBR,2019-10-29,МосБиржа,MOEX,12323,339759412.9,93.95,93.33,94.6,94.0,93.99,94.0,3614850,93.99,93.99,94.0,339759412.9,339759412.9,339759412.9,
209,TQBR,2019-10-30,МосБиржа,MOEX,15825,567388084.7,93.85,93.58,94.99,94.99,94.6,94.99,5997710,94.6,94.6,94.99,567388084.7,567388084.7,567388084.7,
210,TQBR,2019-10-31,МосБиржа,MOEX,24459,770762871.8,95.01,94.1,95.67,95.03,95.13,95.03,8101930,95.13,95.13,95.03,770762871.8,770762871.8,770762871.8,
211,TQBR,2019-11-01,МосБиржа,MOEX,27790,1038511368.1,95.0,94.44,97.43,97.05,96.33,97.05,10780700,96.33,96.33,97.05,1038511368.1,1038511368.1,1038511368.1,
212,TQBR,2019-11-05,МосБиржа,MOEX,49556,2964589713.6,97.0,96.6,100.5,100.29,99.48,100.29,29798490,99.49,99.49,100.29,2964589713.6,2964589713.6,2964589713.6,
213,TQBR,2019-11-06,МосБиржа,MOEX,24755,944824571.8,100.28,98.71,100.28,99.95,99.68,99.95,9478770,99.68,99.68,99.95,944824571.8,944824571.8,944824571.8,
214,TQBR,2019-11-07,МосБиржа,MOEX,24028,890742542.4,99.5,99.12,100.49,99.52,99.78,99.52,8926610,99.79,99.79,99.52,890742542.4,890742542.4,890742542.4,
215,TQBR,2019-11-08,МосБиржа,MOEX,21743,727636218.7,99.5,98.2,100.18,99.14,98.86,99.14,7360040,98.86,98.86,99.14,727636218.7,727636218.7,727636218.7,
216,TQBR,2019-11-11,МосБиржа,MOEX,16830,471771952.8,98.88,98.51,100.0,100.0,99.42,100.0,4744950,99.43,99.43,100.0,471771952.8,471771952.8,471771952.8,
217,TQBR,2019-11-12,МосБиржа,MOEX,16408,980266974.6,100.0,99.15,100.74,99.7,99.9,99.7,9812150,99.9,99.9,99.7,980266974.6,980266974.6,980266974.6,
218,TQBR,2019-11-13,МосБиржа,MOEX,8512,347651746.4,99.99,99.32,100.26,100.26,99.85,100.26,3481810,99.85,99.85,100.26,347651746.4,347651746.4,347651746.4,
219,TQBR,2019-11-14,МосБиржа,MOEX,11840,501396436.1,100.0,99.16,100.88,99.94,99.88,99.94,5019980,99.88,99.88,99.94,501396436.1,501396436.1,501396436.1,
220,TQBR,2019-11-15,МосБиржа,MOEX,8116,271390024.3,99.98,99.7,100.37,100.13,100.02,100.13,2713230,100.02,100.02,100.13,271390024.3,271390024.3,271390024.3,
221,TQBR,2019-11-18,МосБиржа,MOEX,9908,352904838.5,100.0,99.61,100.49,100.0,99.96,100.0,3530590,99.96,99.96,100.0,352904838.5,352904838.5,352904838.5,
222,TQBR,2019-11-19,МосБиржа,MOEX,16264,505365713.3,100.0,99.82,100.5,100.5,100.08,100.5,5048750,100.1,100.1,100.5,505365713.3,505365713.3,505365713.3,
223,TQBR,2019-11-20,МосБиржа,MOEX,46237,1753055202.9,100.21,100.21,104.05,103.17,102.84,103.17,17046160,102.84,102.84,103.17,1753055202.9,1753055202.9,1753055202.9,
224,TQBR,2019-11-21,МосБиржа,MOEX,21806,622041571.1,103.3,101.75,103.34,102.72,102.23,102.72,6081710,102.28,102.28,102.72,622041571.1,622041571.1,622041571.1,
225,TQBR,2019-11-22,МосБиржа,MOEX,32362,1407268028.0,102.4,102.12,106.35,105.2,105.28,105.2,13367170,105.28,105.28,105.2,1407268028.0,1407268028.0,1407268028.0,
226,TQBR,2019-11-25,МосБиржа,MOEX,28926,706105844.5,105.4,103.71,106.02,104.42,104.7,104.42,6742280,104.73,104.73,104.42,706105844.5,706105844.5,706105844.5,
227,TQBR,2019-11-26,МосБиржа,MOEX,22531,1360010491.5,104.6,103.81,105.41,105.0,104.67,105.0,12990450,104.69,104.69,105.0,1360010491.5,1360010491.5,1360010491.5,
228,TQBR,2019-11-27,МосБиржа,MOEX,32239,1128805996.3,104.91,104.73,106.88,106.5,105.91,106.5,10658900,105.9,105.9,106.5,1128805996.3,1128805996.3,1128805996.3,
229,TQBR,2019-11-28,МосБиржа,MOEX,21008,703013238.5,106.23,104.8,106.88,105.58,105.56,105.58,6658400,105.58,105.58,105.58,703013238.5,703013238.5,703013238.5,
230,TQBR,2019-11-29,МосБиржа,MOEX,18378,573896369.5,105.63,104.97,106.2,105.7,105.7,105.7,5429390,105.7,105.7,105.7,573896369.5,573896369.5,573896369.5,
231,TQBR,2019-12-02,МосБиржа,MOEX,10025,750292792.1,105.84,105.11,106.28,106.28,105.85,106.28,7086650,105.87,105.87,106.28,750292792.1,750292792.1,750292792.1,
232,TQBR,2019-12-03,МосБиржа,MOEX,13436,738549666.2,106.15,103.81,106.23,103.89,104.84,103.89,7044440,104.84,104.84,103.89,738549666.2,738549666.2,738549666.2,
233,TQBR,2019-12-04,МосБиржа,MOEX,11306,548920260.1,104.15,103.89,105.98,105.98,105.1,105.98,5222680,105.1,105.1,105.98,548920260.1,548920260.1,548920260.1,
234,TQBR,2019-12-05,МосБиржа,MOEX,8295,421792197.9,106.0,104.36,106.0,104.36,104.93,104.36,4019740,104.93,104.93,104.36,421792197.9,421792197.9,421792197.9,
235,TQBR,2019-12-06,МосБиржа,MOEX,9096,559926282.6,104.7,104.43,106.17,106.17,105.11,106.17,5322770,105.19,105.19,106.17,559926282.6,559926282.6,559926282.6,
236,TQBR,2019-12-09,МосБиржа,MOEX,8226,383246635.9,106.16,105.12,106.29,106.05,105.78,106.05,3623120,105.78,105.78,106.05,383246635.9,383246635.9,383246635.9,
237,TQBR,2019-12-10,МосБиржа,MOEX,12017,447344786.7,105.7,104.3,105.96,104.8,104.88,104.8,4265250,104.88,104.88,104.8,447344786.7,447344786.7,447344786.7,
238,TQBR,2019-12-11,МосБиржа,MOEX,55862,983404320.0,104.9,104.76,106.3,106.3,105.46,106.3,9325390,105.45,105.45,106.3,983404320.0,983404320.0,983404320.0,
239,TQBR,2019-12-12,МосБиржа,MOEX,16645,959224936.8,106.4,106.2,109.95,108.09,107.77,108.09,8900630,107.77,107.77,108.09,959224936.8,959224936.8,959224936.8,
240,TQBR,2019-12-13,МосБиржа,MOEX,16505,764678306.0,108.45,107.83,109.91,108.96,109.03,108.96,7010660,109.07,109.07,108.96,764678306.0,764678306.0,764678306.0,
241,TQBR,2019-12-16,МосБиржа,MOEX,12847,582547603.5,109.4,108.81,109.98,109.09,109.36,109.09,5327060,109.36,109.36,109.09,582547603.5,582547603.5,582547603.5,
242,TQBR,2019-12-17,МосБиржа,MOEX,13183,809787738.2,109.05,108.22,111.4,109.05,109.07,109.05,7424570,109.07,109.07,109.05,809787738.2,809787738.2,809787738.2,
243,TQBR,2019-12-18,МосБиржа,MOEX,14067,802462633.8,109.05,107.26,109.5,107.28,108.19,107.28,7417100,108.19,108.19,107.28,802462633.8,802462633.8,802462633.8,
244,TQBR,2019-12-19,МосБиржа,MOEX,21216,815586321.8,107.6,107.4,109.0,108.55,108.38,108.55,7525390,108.38,108.38,108.55,815586321.8,815586321.8,815586321.8,
245,TQBR,2019-12-20,МосБиржа,MOEX,7876,499965155.7,108.32,107.48,108.59,107.48,107.76,107.48,4639560,107.76,107.76,107.48,499965155.7,499965155.7,499965155.7,
246,TQBR,2019-12-23,МосБиржа,MOEX,5217,270768691.4,107.71,107.4,108.26,108.05,107.74,108.05,2513330,107.73,107.73,108.05,270768691.4,270768691.4,270768691.4,
247,TQBR,2019-12-24,МосБиржа,MOEX,5184,186151248.0,108.09,106.94,108.1,107.2,107.39,107.2,1733400,107.39,107.39,107.2,186151248.0,186151248.0,186151248.0,
248,TQBR,2019-12-25,МосБиржа,MOEX,4434,208390065.0,107.22,106.37,107.34,106.82,106.69,106.82,1953210,106.69,106.69,106.82,208390065.0,208390065.0,208390065.0,
249,TQBR,2019-12-26,МосБиржа,MOEX,4965,197941996.6,106.6,106.1,107.34,106.74,106.57,106.74,1857350,106.57,106.57,106.74,197941996.6,197941996.6,197941996.6,
250,TQBR,2019-12-27,МосБиржа,MOEX,6744,315229950.4,106.82,106.24,107.35,107.08,106.81,107.08,2951390,106.81,106.81,107.08,315229950.4,315229950.4,315229950.4,
251,TQBR,2019-12-30,МосБиржа,MOEX,9073,430513601.2,107.2,106.94,108.2,107.75,107.86,107.75,3991460,107.86,107.86,107.75,430513601.2,430513601.2,430513601.2,
252,TQBR,2020-01-03,МосБиржа,MOEX,13070,556548825.9,108.0,106.7,109.86,107.18,107.93,107.18,5156720,107.93,107.93,107.18,556548825.9,556548825.9,556548825.9,
253,TQBR,2020-01-06,МосБиржа,MOEX,6398,248174150.6,107.2,106.42,108.03,108.03,107.14,108.03,2316340,107.14,107.14,108.03,248174150.6,248174150.6,248174150.6,
254,TQBR,2020-01-08,МосБиржа,MOEX,17203,1066187024.3,107.7,107.5,111.18,110.84,109.7,110.84,9719480,109.7,109.7,110.84,1066187024.3,1066187024.3,1066187024.3,
255,TQBR,2020-01-09,МосБиржа,MOEX,10214,625342692.9,110.73,109.6,111.2,111.0,110.56,111.0,5656080,110.56,110.56,111.0,625342692.9,625342692.9,625342692.9,
256,TQBR,2020-01-10,МосБиржа,MOEX,17983,861740190.7,111.1,110.61,113.0,112.99,112.11,112.99,7686760,112.11,112.11,112.99,861740190.7,861740190.7,861740190.7,
257,TQBR,2020-01-13,МосБиржа,MOEX,14436,878539914.6,113.0,112.16,114.2,114.1,113.53,114.1,7738170,113.53,113.53,114.1,878539914.6,878539914.6,878539914.6,
258,TQBR,2020-01-14,МосБиржа,MOEX,14520,778906541.9,114.2,113.23,115.0,114.02,114.31,114.02,6813960,114.31,114.31,114.02,778906541.9,778906541.9,778906541.9,
259,TQBR,2020-01-15,МосБиржа,MOEX,17816,1188649543.2,113.7,113.54,115.88,115.88,114.92,115.88,10343270,114.92,114.92,115.88,1188649543.2,1188649543.2,1188649543.2,
260,TQBR,2020-01-16,МосБиржа,MOEX,15035,1082422057.0,116.0,113.81,116.38,114.5,115.07,114.5,9406250,115.07,115.07,114.5,1082422057.0,1082422057.0,1082422057.0,
261,TQBR,2020-01-17,МосБиржа,MOEX,12227,745461389.4,114.3,114.07,115.26,114.8,114.72,114.8,6497840,114.72,114.72,114.8,745461389.4,745461389.4,745461389.4,
262,TQBR,2020-01-20,МосБиржа,MOEX,17056,850002924.8,114.81,114.43,116.0,116.0,115.59,116.0,7353620,115.59,115.59,116.0,850002924.8,850002924.8,850002924.8,
263,TQBR,2020-01-21,МосБиржа,MOEX,21265,969262420.1,115.9,113.2,115.99,114.62,114.36,114.62,8475810,114.36,114.36,114.62,969262420.1,969262420.1,969262420.1,
264,TQBR,2020-01-22,МосБиржа,MOEX,13993,760357632.5,114.7,113.58,114.97,114.5,114.23,114.5,6656420,114.23,114.23,114.5,760357632.5,760357632.5,760357632.5,
265,TQBR,2020-01-23,МосБиржа,MOEX,12210,579264320.3,114.1,112.27,114.45,113.82,113.32,113.82,5111700,113.32,113.32,113.82,579264320.3,579264320.3,579264320.3,
266,TQBR,2020-01-24,МосБиржа,MOEX,9353,488897051.1,113.85,112.63,114.42,113.0,113.36,113.0,4312690,113.36,113.36,113.0,488897051.1,488897051.1,488897051.1,
267,TQBR,2020-01-27,МосБиржа,MOEX,14491,684837430.2,112.6,109.98,112.95,110.62,111.41,110.62,6147170,111.41,111.41,110.62,684837430.2,684837430.2,684837430.2,
268,TQBR,2020-01-28,МосБиржа,MOEX,11655,595640768.6,110.8,109.3,112.49,111.3,110.93,111.3,5369680,110.93,110.93,111.3,595640768.6,595640768.6,595640768.6,
269,TQBR,2020-01-29,МосБиржа,MOEX,16822,526839495.6,111.97,110.91,113.44,111.8,112.27,111.8,4692750,112.27,112.27,111.8,526839495.6,526839495.6,526839495.6,
270,TQBR,2020-01-30,МосБиржа,MOEX,10406,601484798.5,111.5,110.81,112.58,111.81,111.8,111.81,5379930,111.8,111.8,111.81,601484798.5,601484798.5,601484798.5,
271,TQBR,2020-01-31,МосБиржа,MOEX,12172,615582421.4,111.85,109.94,112.5,109.94,111.21,109.94,5535300,111.21,111.21,109.94,615582421.4,615582421.4,615582421.4,
272,TQBR,2020-02-03,МосБиржа,MOEX,21815,850136986.1,108.0,107.47,111.89,110.94,110.48,110.94,7694940,110.48,110.48,110.94,850136986.1,850136986.1,850136986.1,
273,TQBR,2020-02-04,МосБиржа,MOEX,34041,1122829119.3,111.45,111.22,113.94,113.35,112.81,113.35,9953660,112.81,112.81,113.35,1122829119.3,1122829119.3,1122829119.3,
274,TQBR,2020-02-05,МосБиржа,MOEX,14548,673062402.3,113.97,112.47,114.55,113.3,113.59,113.3,5923470,113.63,113.63,113.3,673062402.3,673062402.3,673062402.3,
275,TQBR,2020-02-06,МосБиржа,MOEX,14712,877535812.8,113.79,110.49,114.3,112.42,112.83,112.42,7778090,112.82,112.82,112.42,877535812.8,877535812.8,877535812.8,
276,TQBR,2020-02-07,МосБиржа,MOEX,10270,558467010.9,112.4,111.31,113.38,113.16,112.19,113.16,4977880,112.19,112.19,113.16,558467010.9,558467010.9,558467010.9,
277,TQBR,2020-02-10,МосБиржа,MOEX,15253,753279383.4,112.7,111.52,113.94,113.8,113.13,113.8,6658260,113.13,113.13,113.8,753279383.4,753279383.4,753279383.4,
278,TQBR,2020-02-11,МосБиржа,MOEX,11841,624580561.4,113.8,112.14,115.0,114.0,113.78,114.0,5489370,113.78,113.78,114.0,624580561.4,624580561.4,624580561.4,
279,TQBR,2020-02-12,МосБиржа,MOEX,14106,826012036.2,114.39,112.22,114.49,112.91,112.78,112.91,7322380,112.81,112.81,112.91,826012036.2,826012036.2,826012036.2,
280,TQBR,2020-02-13,МосБиржа,MOEX,10694,575189787.4,112.75,111.8,113.13,112.25,112.43,112.25,5115890,112.43,112.43,112.25,575189787.4,575189787.4,575189787.4,
281,TQBR,2020-02-14,МосБиржа,MOEX,8488,375907276.3,112.25,111.52,112.88,112.5,112.33,112.5,3346360,112.33,112.33,112.5,375907276.3,375907276.3,375907276.3,
282,TQBR,2020-02-17,МосБиржа,MOEX,5827,249868035.9,112.82,112.01,112.95,112.8,112.35,112.8,2223960,112.35,112.35,112.8,249868035.9,249868035.9,249868035.9,
283,TQBR,2020-02-18,МосБиржа,MOEX,8562,465924644.0,112.6,111.57,112.6,111.8,111.96,111.8,4161470,111.96,111.96,111.8,465924644.0,465924644.0,465924644.0,
284,TQBR,2020-02-19,МосБиржа,MOEX,9562,405400152.3,112.01,111.6,112.54,111.65,111.92,111.65,3622240,111.92,111.92,111.65,405400152.3,405400152.3,405400152.3,
285,TQBR,2020-02-20,МосБиржа,MOEX,10806,634093451.8,111.94,111.65,112.32,112.0,112.0,112.0,5661750,112.0,112.0,112.0,634093451.8,634093451.8,634093451.8,
286,TQBR,2020-02-21,МосБиржа,MOEX,12252,552557155.3,111.7,111.2,112.52,111.33,111.65,111.33,4948700,111.66,111.66,111.33,552557155.3,552557155.3,552557155.3,
287,TQBR,2020-02-25,МосБиржа,MOEX,24135,1039948856.2,110.58,107.54,111.29,107.54,108.92,107.54,9547990,108.92,108.92,107.54,1039948856.2,1039948856.2,1039948856.2,
288,TQBR,2020-02-26,МосБиржа,MOEX,30574,1374275040.0,107.51,105.1,107.52,107.3,106.16,107.3,12945700,106.16,106.16,107.3,1374275040.0,1374275040.0,1374275040.0,
289,TQBR,2020-02-27,МосБиржа,MOEX,21615,1127053260.6,106.7,104.12,106.9,104.73,105.35,104.73,10697900,105.35,105.35,104.73,1127053260.6,1127053260.6,1127053260.6,
290,TQBR,2020-02-28,МосБиржа,MOEX,54239,2953963031.9,101.87,92.3,103.5,99.08,100.63,99.08,29356080,100.63,100.63,99.08,2953963031.9,2953963031.9,2953963031.9,
