date_time,open,low,high,close,vol
2013-07-10,199.18,199.18,199.18,199.18,10
2013-07-11,198.18,198.18,199.17,199.17,190
2013-07-12,201.29,201.29,201.29,201.29,100
2013-07-17,207.3,206.0,210.0,210.0,800
2013-07-18,208.0,208.0,209.99,209.99,400
2013-07-19,210.59,210.0,214.7,211.0,2180
2013-07-22,215.0,213.0,215.0,213.0,400
2013-07-23,211.2,210.0,211.2,210.0,400
2013-07-24,207.0,207.0,207.0,207.0,400
2013-07-25,206.0,206.0,206.0,206.0,200
2013-07-26,209.0,203.0,209.0,204.0,800
2013-07-30,205.0,205.0,205.5,205.5,400
2013-08-01,206.0,206.0,206.0,206.0,200
2013-08-05,209.0,209.0,209.0,209.0,200
2013-08-06,205.7,201.0,209.0,201.13,1240
2013-08-07,189.09,189.09,203.0,203.0,320
2013-08-08,201.5,201.5,201.5,201.5,200
2013-08-09,205.0,203.5,205.0,205.0,600
2013-08-13,208.0,208.0,209.8,209.0,900
2013-08-14,210.0,210.0,212.6,212.6,450
2013-08-15,207.6,204.0,207.6,204.0,700
2013-08-19,204.4,204.4,208.0,208.0,850
2013-08-20,204.5,204.5,207.8,207.8,420
2013-08-21,204.21,204.21,209.0,208.0,420
2013-08-22,210.0,210.0,210.0,210.0,590
2013-08-26,210.31,210.31,210.5,210.48,40
2013-08-27,207.09,204.0,207.09,204.0,20550
2013-08-28,202.1,201.1,205.79,203.53,230
2013-08-29,203.0,201.11,208.76,206.5,22370
2013-08-30,204.01,201.4,214.69,201.4,2000
2013-09-02,209.12,207.19,210.6,207.5,797410
2013-09-03,207.6,205.06,208.88,207.32,821150
2013-09-04,206.82,205.37,208.0,207.99,361040
2013-09-05,206.92,206.92,213.65,213.65,1909150
2013-09-06,212.84,212.6,219.81,216.92,2236390
2013-09-09,218.93,218.24,221.0,220.0,1277620
2013-09-10,220.0,219.13,222.89,221.85,2630450
2013-09-11,222.22,218.1,222.22,221.64,1399030
2013-09-12,221.39,216.75,221.39,219.0,1488390
2013-09-13,218.98,217.51,220.88,219.38,889970
2013-09-16,221.0,219.93,222.37,221.65,2000230
2013-09-17,221.09,219.84,224.99,223.0,1780690
2013-09-18,222.93,219.57,223.98,220.45,1605950
2013-09-19,223.95,221.36,225.0,223.3,3159990
2013-09-20,223.12,222.01,225.99,225.62,2299530
2013-09-23,225.04,219.08,225.04,220.83,2170870
2013-09-24,219.53,218.35,220.97,219.0,1883610
2013-09-25,219.3,216.74,220.5,217.34,2126240
2013-09-26,218.0,214.1,220.0,215.68,2641440
2013-09-27,218.0,214.26,218.0,216.4,1936960
2013-09-30,215.94,210.5,217.45,212.92,1859760
2013-10-01,212.56,210.27,214.23,213.45,1789060
2013-10-02,214.79,208.03,214.79,208.21,1543510
2013-10-03,208.93,208.19,210.92,209.05,1748410
2013-10-04,209.05,208.31,211.26,211.25,1486480
2013-10-07,210.66,208.58,212.59,210.24,1583940
2013-10-08,210.46,210.04,216.51,215.18,1928080
2013-10-09,214.47,213.31,215.8,214.33,1386560
2013-10-10,211.22,211.22,219.5,218.44,1487440
2013-10-11,218.72,215.73,219.97,217.81,863710
2013-10-14,217.81,216.58,218.94,218.83,632780
2013-10-15,219.0,219.0,222.0,221.99,1562760
2013-10-16,220.48,219.77,221.98,220.38,1216610
2013-10-17,220.99,217.0,221.73,219.6,1021580
2013-10-18,221.33,218.63,223.5,222.96,2412560
2013-10-21,222.96,220.01,223.32,221.51,915740
2013-10-22,221.21,219.06,221.49,220.58,980480
2013-10-23,220.54,215.45,220.54,216.7,1160880
2013-10-24,216.7,212.08,216.7,212.86,1049430
2013-10-25,212.86,211.65,214.75,214.13,903120
2013-10-28,218.7,214.9,218.7,216.49,1115410
2013-10-29,216.46,215.05,218.0,217.0,761410
2013-10-30,216.99,216.95,219.95,219.83,959350
2013-10-31,217.65,216.11,221.0,220.54,1207460
2013-11-01,220.57,219.15,222.9,220.7,1521400
2013-11-05,221.39,218.8,222.0,219.18,1057010
2013-11-06,220.34,217.32,220.34,218.5,1249280
2013-11-07,218.5,217.32,220.22,219.17,1326580
2013-11-08,218.74,213.55,218.74,214.28,1982390
2013-11-11,214.88,211.02,215.87,211.1,1554300
2013-11-12,211.11,211.0,214.23,211.89,1452990
2013-11-13,210.47,206.79,210.66,208.0,2181600
2013-11-14,208.0,208.0,211.5,208.12,1722830
2013-11-15,210.45,208.06,211.59,208.24,997720
2013-11-18,209.01,208.54,212.42,211.7,1365550
2013-11-19,211.7,211.11,212.83,211.99,1038360
2013-11-20,209.61,208.0,211.83,208.69,1289300
2013-11-21,207.73,205.75,209.95,208.5,1356650
2013-11-22,209.3,209.11,213.5,213.41,1279740
2013-11-25,214.0,210.88,214.67,211.01,1543420
2013-11-26,211.02,207.0,211.99,207.99,1896720
2013-11-27,208.2,204.47,210.62,204.48,1468020
2013-11-28,204.48,203.81,208.49,205.08,1244370
2013-11-29,205.2,202.25,207.17,203.09,1920330
2013-12-02,202.44,202.44,206.87,205.35,1174460
2013-12-03,204.48,198.57,204.5,198.72,2473050
2013-12-04,199.15,197.13,203.35,199.29,2421040
2013-12-05,199.46,195.81,201.49,196.74,2239350
2013-12-06,196.75,194.53,198.77,196.5,1816990
2013-12-09,197.52,196.54,200.15,199.28,1442650
2013-12-10,199.4,199.08,203.66,203.66,1543710
2013-12-11,203.02,200.3,203.98,203.5,877930
2013-12-12,200.56,197.83,202.38,201.0,2068170
2013-12-13,201.06,200.86,203.83,201.34,1452510
2013-12-16,201.32,201.3,204.5,203.22,1501260
2013-12-17,203.22,203.22,206.1,206.09,1368920
2013-12-18,206.04,203.7,206.79,204.54,1383760
2013-12-19,206.28,205.95,209.75,209.03,2161220
2013-12-20,209.02,206.25,209.43,207.93,1330550
2013-12-23,208.75,206.89,212.33,210.98,1339180
2013-12-24,209.21,208.08,210.89,209.88,1100940
2013-12-25,209.42,209.02,211.0,209.99,421670
2013-12-26,209.27,208.4,210.15,208.45,583910
2013-12-27,208.87,206.07,208.9,206.2,595850
2013-12-30,205.95,204.0,209.25,208.22,806040
2014-01-06,205.91,199.23,205.91,200.4,1445500
2014-01-08,200.67,196.26,200.87,197.12,1471720
2014-01-09,197.15,196.5,200.89,199.11,1532600
2014-01-10,198.54,196.23,200.0,199.69,1900000
2014-01-13,199.11,198.85,203.0,201.5,982440
2014-01-14,199.43,196.36,199.43,197.2,1552360
2014-01-15,197.75,197.5,199.64,198.41,1205060
2014-01-16,199.0,197.14,199.0,198.05,1342670
2014-01-17,197.86,197.13,200.2,199.5,1334530
2014-01-20,199.0,198.14,199.9,199.19,546230
2014-01-21,200.32,199.67,201.9,200.39,880320
2014-01-22,200.41,198.33,200.41,199.2,1323640
2014-01-23,199.42,198.75,203.81,201.07,1405570
2014-01-24,200.23,197.02,201.66,198.0,2696840
2014-01-27,196.79,196.61,200.52,197.36,2726820
2014-01-28,198.19,193.28,198.48,193.79,2779060
2014-01-29,195.31,193.87,200.69,197.14,3736180
2014-01-30,197.21,195.25,199.68,199.21,1812220
2014-01-31,198.96,194.27,199.57,195.49,2049510
2014-02-03,196.14,192.06,196.33,192.62,1312310
2014-02-04,191.22,188.69,191.79,188.96,2073060
2014-02-05,190.0,189.22,194.47,193.09,1989180
2014-02-06,193.91,191.93,199.9,199.59,3094510
2014-02-07,200.45,198.45,202.0,201.89,2370920
2014-02-10,201.97,200.35,203.6,203.32,1765470
2014-02-11,203.8,202.75,207.49,207.49,2098900
2014-02-12,208.09,207.3,213.4,212.66,2645480
2014-02-13,211.51,209.24,212.77,210.2,2422310
2014-02-14,210.55,209.42,212.58,212.12,1382500
2014-02-17,212.79,210.96,214.55,213.12,1340150
2014-02-18,213.04,212.5,216.63,213.77,1766890
2014-02-19,213.94,212.0,216.0,214.11,1564030
2014-02-20,213.04,207.87,213.04,209.29,2499800
2014-02-21,210.36,210.05,212.67,211.84,1288970
2014-02-24,217.5,211.25,217.5,214.5,1561640
2014-02-25,214.5,208.99,215.32,209.48,3822050
2014-02-26,210.38,208.51,210.94,209.41,3120770
2014-02-27,210.23,206.11,210.7,208.5,2148640
2014-02-28,208.21,206.5,212.0,211.19,2474250
2014-03-03,205.0,198.33,206.5,205.67,5910000
2014-03-04,206.56,206.08,214.4,207.5,3800290
2014-03-05,208.61,199.49,209.31,204.92,2888630
2014-03-06,204.95,200.5,206.87,204.42,2857770
2014-03-07,205.33,201.71,208.51,205.99,2165710
2014-03-11,205.3,201.3,206.75,203.34,1990830
2014-03-12,202.54,195.87,203.18,196.0,2720560
2014-03-13,197.96,189.0,199.0,189.75,4138430
2014-03-14,185.96,180.5,188.05,188.0,4794630
2014-03-17,189.0,187.61,196.88,194.29,4899190
2014-03-18,195.15,190.66,199.0,197.52,3130690
2014-03-19,198.43,191.22,199.8,191.98,2828960
2014-03-20,190.3,190.2,194.19,193.01,1912080
2014-03-21,190.95,181.64,197.7,195.63,4094230
2014-03-24,195.63,187.0,199.7,188.18,3594710
2014-03-25,188.3,185.77,193.43,190.97,2610500
2014-03-26,191.96,190.52,197.2,194.87,2667520
2014-03-27,194.65,191.05,198.0,197.7,2068520
2014-03-28,197.47,195.85,199.68,199.0,2245530
2014-03-31,199.5,195.72,200.0,200.0,2510610
2014-04-01,200.01,197.1,202.88,201.14,2841830
2014-04-02,200.09,196.14,201.68,199.5,2132140
2014-04-03,199.18,195.19,201.0,198.9,1648550
2014-04-04,198.84,197.12,204.86,204.15,2751430
2014-04-07,202.4,198.99,204.08,203.0,3967390
2014-04-08,202.99,200.07,209.6,209.02,3117260
2014-04-09,208.04,207.5,214.0,212.63,2556760
2014-04-10,213.5,211.22,219.0,219.0,3181650
2014-04-11,216.78,216.33,220.77,217.0,2461960
2014-04-14,217.08,212.46,217.25,213.8,2124090
2014-04-15,213.61,208.23,215.33,209.1,2277970
2014-04-16,210.45,207.52,212.0,208.0,2296690
2014-04-17,209.74,206.0,211.9,208.5,1867470
2014-04-18,214.0,211.1,214.48,211.99,849560
2014-04-21,210.0,208.92,212.73,209.25,806270
2014-04-22,209.04,207.05,210.17,209.36,999650
2014-04-23,208.22,207.5,210.94,209.75,1732630
2014-04-24,209.74,205.75,210.74,208.51,1796690
2014-04-25,206.62,204.11,207.4,205.78,1277250
2014-04-28,202.5,201.21,209.69,207.33,1737640
2014-04-29,209.04,206.51,211.7,206.89,1844280
2014-04-30,207.03,202.1,207.97,203.39,2126320
2014-05-02,204.22,200.02,204.22,201.93,1425450
2014-05-05,200.65,200.28,203.39,202.0,539060
2014-05-06,202.03,201.55,205.94,204.68,1095260
2014-05-07,205.5,203.83,214.48,210.34,1994300
2014-05-08,210.97,208.32,213.32,209.58,1684810
2014-05-12,210.98,209.0,212.38,210.87,1120910
2014-05-13,220.2,208.74,220.2,209.88,973230
2014-05-14,210.99,208.18,213.91,213.91,1277780
2014-05-15,213.7,208.13,214.47,209.18,1602470
2014-05-16,208.62,208.1,210.41,209.0,1524760
2014-05-19,209.89,209.49,215.0,213.51,2094150
2014-05-20,214.0,213.53,218.33,218.0,2498840
2014-05-21,218.72,216.52,221.32,221.32,2408170
2014-05-22,221.45,218.16,222.75,221.0,1199650
2014-05-23,226.38,217.3,226.38,217.94,1551630
2014-05-26,218.63,217.73,220.23,219.22,574680
2014-05-27,218.34,210.27,218.57,210.79,2562010
2014-05-28,211.74,208.8,212.12,210.97,1410850
2014-05-29,211.2,210.02,213.15,210.2,986800
2014-05-30,210.59,202.1,212.3,202.1,3171040
2014-06-02,204.95,204.23,211.95,208.6,1885610
2014-06-03,205.4,205.4,210.74,210.6,1306020
2014-06-04,211.0,209.8,211.81,210.47,802570
2014-06-05,212.04,208.02,214.0,208.79,1414170
2014-06-06,210.47,207.01,210.71,209.55,1649520
2014-06-09,209.54,207.03,210.53,207.63,932300
2014-06-10,207.8,206.4,211.0,211.0,1568150
2014-06-11,210.97,209.98,213.0,213.0,1885640
2014-06-16,213.41,210.97,220.0,219.25,5549020
2014-06-17,219.8,218.86,222.83,222.77,1859660
2014-06-18,222.82,222.14,225.8,224.7,2921080
2014-06-19,225.84,223.62,226.48,224.64,1633260
2014-06-20,225.67,221.68,225.67,223.63,1485990
2014-06-23,224.1,223.22,226.4,225.95,1436270
2014-06-24,226.05,225.9,230.94,229.82,1742410
2014-06-25,229.75,223.6,229.9,224.92,1401460
2014-06-26,225.36,219.12,225.75,221.14,1541090
2014-06-27,219.35,218.15,222.48,222.48,2039080
2014-06-30,222.1,218.32,222.1,221.88,1205640
2014-07-01,220.89,218.3,222.1,222.0,982260
2014-07-02,221.47,221.41,228.45,228.45,1435920
2014-07-03,228.26,225.62,228.26,226.56,680780
2014-07-04,226.78,222.0,227.88,222.05,1171650
2014-07-07,223.45,222.57,229.24,229.2,1291670
2014-07-08,228.01,228.01,232.84,230.5,1392380
2014-07-09,229.04,225.1,229.92,228.0,1568380
2014-07-10,224.86,223.1,228.88,225.91,2079700
2014-07-11,225.6,224.1,230.0,228.89,1106940
2014-07-14,227.4,227.4,234.83,231.0,2539530
2014-07-15,223.01,220.35,226.21,222.37,1790790
2014-07-16,221.37,220.5,224.0,224.0,1546250
2014-07-17,222.27,217.77,223.87,219.88,2257790
2014-07-18,215.7,214.57,219.13,216.96,2149630
2014-07-21,217.0,212.53,218.9,215.28,2674280
2014-07-22,215.25,215.25,222.46,220.2,1832880
2014-07-23,220.66,218.0,222.0,220.72,1001670
2014-07-24,219.93,219.11,224.9,224.9,1182670
2014-07-25,224.05,221.62,224.48,224.48,1462680
2014-07-28,223.02,217.2,224.62,217.2,1674350
2014-07-29,218.85,216.58,220.88,218.48,1181050
2014-07-30,216.66,216.25,222.14,216.25,1976840
2014-07-31,216.93,211.12,217.92,212.9,2768380
2014-08-01,213.0,208.0,213.0,211.9,1846660
2014-08-04,210.9,210.3,215.0,215.0,2049150
2014-08-05,214.85,209.57,215.27,209.75,2093120
2014-08-06,209.68,207.01,212.8,209.5,1663100
2014-08-07,209.0,204.6,210.39,208.2,2480340
2014-08-08,208.75,206.62,211.99,208.33,2340160
2014-08-11,210.19,209.4,214.37,212.7,1342190
2014-08-12,213.6,212.33,216.09,215.1,1209200
2014-08-13,214.95,214.74,221.19,220.67,1791300
2014-08-14,223.19,218.92,223.19,220.01,3077000
2014-08-15,215.83,215.83,223.23,221.19,1205330
2014-08-18,221.5,221.2,223.94,223.94,1170760
2014-08-19,223.48,222.53,224.62,223.8,848950
2014-08-20,224.0,223.46,232.0,232.0,1549930
2014-08-21,230.0,228.82,235.33,235.0,3669630
2014-08-22,233.83,228.06,234.6,230.5,1950950
2014-08-25,229.01,229.01,232.75,232.0,397680
2014-08-26,232.03,230.65,233.33,232.8,980100
2014-08-27,233.57,232.47,234.91,233.8,983150
2014-08-28,233.73,230.72,234.0,232.75,1974400
2014-08-29,231.55,228.0,232.65,228.0,1521520
2014-09-01,230.01,227.06,231.32,227.3,2226180
2014-09-02,224.95,224.95,230.65,229.5,860630
2014-09-03,229.5,229.01,239.8,235.45,3359100
2014-09-04,235.89,234.86,242.33,240.98,2611590
2014-09-05,240.0,239.41,247.37,242.7,2269320
2014-09-08,242.99,242.99,247.22,246.19,1403570
2014-09-09,246.29,243.31,247.97,244.26,997580
2014-09-10,242.99,238.6,243.3,240.55,1238600
2014-09-11,240.75,234.49,241.23,234.55,2508170
2014-09-12,233.32,233.31,238.34,234.9,1941580
2014-09-15,234.52,234.46,239.67,239.67,3371130
2014-09-16,238.37,238.01,242.51,239.0,1794320
2014-09-17,239.08,235.0,243.48,239.87,2885720
2014-09-18,240.69,236.74,240.69,237.21,1143940
2014-09-19,238.74,230.06,238.74,230.89,3641070
2014-09-22,233.37,227.65,233.37,227.65,1187070
2014-09-23,229.45,228.41,236.23,235.6,2140000
2014-09-24,236.0,235.51,239.21,237.5,1555330
2014-09-25,238.93,233.4,239.8,235.75,1461960
2014-09-26,233.7,232.78,238.1,235.97,1901210
2014-09-29,237.24,231.75,238.98,231.75,2135910
2014-09-30,233.02,231.1,235.97,232.0,2319130
2014-10-01,231.95,228.7,233.15,230.0,1712160
2014-10-02,229.0,225.55,230.0,225.95,2418590
2014-10-03,227.6,225.4,232.45,226.0,2150290
2014-10-06,228.0,227.5,237.0,235.75,2205240
2014-10-07,235.9,234.0,237.5,235.75,1503110
2014-10-08,234.9,230.95,235.95,230.95,1571610
2014-10-09,233.0,228.0,235.0,228.05,1424310
2014-10-10,226.4,226.0,230.15,226.0,1767520
2014-10-13,226.4,225.1,232.4,230.0,1459560
2014-10-14,230.15,228.0,233.8,229.45,1923750
2014-10-15,228.1,224.35,230.0,224.9,2810960
2014-10-16,225.45,219.15,227.65,219.7,2321370
2014-10-17,223.5,221.1,227.05,224.45,2310840
2014-10-20,227.7,220.35,227.7,222.5,1225250
2014-10-21,222.0,219.2,224.05,221.5,1411730
2014-10-22,227.55,217.7,227.55,219.4,1693610
2014-10-23,218.0,215.25,221.5,220.75,2239360
2014-10-24,220.2,217.0,221.35,221.0,1185000
2014-10-27,222.5,221.6,226.8,224.15,1693080
2014-10-28,225.0,224.4,231.55,228.0,1850970
2014-10-29,228.45,228.25,242.3,242.3,3739940
2014-10-30,241.0,238.7,245.0,244.55,2723450
2014-10-31,246.35,245.2,259.8,259.8,3332810
2014-11-03,258.75,254.8,261.95,257.25,1182940
2014-11-05,254.7,247.05,254.85,249.0,2830550
2014-11-06,249.5,248.6,256.0,253.15,1996920
2014-11-07,253.55,250.55,264.25,255.5,3251850
2014-11-10,257.4,252.95,260.3,257.5,1023240
2014-11-11,253.35,253.35,262.75,260.05,1259150
2014-11-12,261.2,253.95,262.5,253.95,1617600
2014-11-13,255.0,247.4,255.95,247.4,1639450
2014-11-14,245.55,245.15,253.8,249.4,1497110
2014-11-17,248.35,247.55,254.2,254.2,983020
2014-11-18,254.05,247.5,254.8,250.35,1745940
2014-11-19,250.6,248.25,252.05,252.0,1693090
2014-11-20,252.0,248.5,260.55,260.5,2259460
2014-11-21,260.8,252.2,262.85,252.2,1881130
2014-11-24,254.35,247.4,254.35,249.5,1117870
2014-11-25,249.05,245.05,249.8,245.75,1320650
2014-11-26,245.75,243.1,249.65,248.5,1722530
2014-11-27,247.0,246.5,257.75,253.95,1969710
2014-11-28,252.0,247.25,257.5,248.65,2660140
2014-12-01,247.55,244.65,267.0,260.0,3430400
2014-12-02,260.9,249.6,261.6,257.85,2775490
2014-12-03,259.45,254.35,263.0,258.5,2112450
2014-12-04,258.55,252.8,263.4,254.3,3438970
2014-12-05,256.95,238.85,257.05,242.4,3531040
2014-12-08,242.9,235.15,248.0,238.7,2057620
2014-12-09,239.55,236.5,246.15,243.75,1623310
2014-12-10,246.0,241.5,252.0,242.0,1759910
2014-12-11,243.6,234.25,245.8,235.6,2001860
2014-12-12,235.0,228.3,247.25,231.5,3269780
2014-12-15,233.35,221.65,240.55,221.85,4046870
2014-12-16,219.0,212.95,244.25,225.4,6370420
2014-12-17,220.15,208.85,231.9,210.65,5373030
2014-12-18,213.8,209.6,228.3,224.5,3838130
2014-12-19,223.75,211.7,226.95,214.1,2269210
2014-12-22,219.0,210.35,219.75,219.5,2139280
2014-12-23,217.1,212.25,221.3,214.1,1420420
2014-12-24,214.05,213.85,221.4,219.65,1235350
2014-12-25,220.7,215.0,225.55,225.35,709370
2014-12-26,225.55,225.55,238.2,238.2,1012910
2014-12-29,234.95,230.65,249.95,246.45,2100340
2014-12-30,243.1,225.05,243.1,228.5,2257340
2015-01-05,228.5,225.4,238.0,238.0,1164410
2015-01-06,235.95,226.35,243.2,228.75,1736410
2015-01-08,230.0,229.65,250.0,245.0,2178850
2015-01-09,245.9,230.6,247.0,234.05,2122330
2015-01-12,234.25,226.2,237.5,228.25,1776200
2015-01-13,229.0,226.35,238.9,234.7,1924590
2015-01-14,232.05,231.1,245.1,244.55,2209910
2015-01-15,246.0,243.0,259.4,251.3,3196510
2015-01-16,251.5,247.5,261.4,260.0,1753380
2015-01-19,259.55,256.2,270.55,261.0,2724080
2015-01-20,260.9,255.4,265.0,257.0,1876210
2015-01-21,261.65,257.0,275.0,275.0,2247030
2015-01-22,275.0,273.0,299.85,287.3,4207240
2015-01-23,287.9,287.9,302.05,297.95,2188000
2015-01-26,297.6,281.05,297.6,285.65,2373270
2015-01-27,280.0,278.65,297.9,297.9,3741700
2015-01-28,297.3,288.05,311.0,289.0,2448360
2015-01-29,289.15,280.1,297.1,280.1,1933610
2015-01-30,283.05,270.15,288.95,270.15,3244270
2015-02-02,275.0,272.0,289.9,285.0,2461590
2015-02-03,287.05,283.75,295.0,294.0,1859120
2015-02-04,296.7,286.0,305.85,301.0,3538210
2015-02-05,300.05,297.5,320.0,319.35,2897190
2015-02-06,325.0,320.05,338.85,335.5,4519750
2015-02-09,334.05,321.2,354.4,324.0,5583120
2015-02-10,324.4,317.9,331.95,320.55,1660510
2015-02-11,324.9,319.05,334.65,320.5,2044420
2015-02-12,325.0,318.1,344.05,340.0,3912430
2015-02-13,346.05,341.25,353.0,353.0,1935970
2015-02-16,352.15,331.8,352.15,335.0,1528140
2015-02-17,334.95,330.05,349.9,338.6,1924310
2015-02-18,341.05,332.9,348.2,335.15,1751100
2015-02-19,335.0,330.5,343.3,343.3,1485350
2015-02-20,345.85,337.85,345.85,345.8,893920
2015-02-24,340.05,334.55,342.55,340.0,932570
2015-02-25,339.75,320.5,339.85,326.6,1801360
2015-02-26,328.5,321.05,331.3,327.55,1374030
2015-02-27,325.9,314.55,329.05,316.0,1972070
2015-03-02,318.7,316.7,331.3,330.95,1730770
2015-03-03,329.05,326.1,344.65,333.55,1900820
2015-03-04,337.85,316.05,337.85,319.0,1836970
2015-03-05,319.25,311.8,325.65,313.4,2175550
2015-03-06,315.0,297.25,315.0,298.2,3174670
2015-03-10,296.4,281.55,299.7,283.65,3863200
2015-03-11,285.0,278.8,288.35,285.9,2265190
2015-03-12,288.0,278.75,288.8,284.85,1774460
2015-03-13,284.1,277.2,286.3,277.95,2711470
2015-03-16,277.05,270.35,278.0,272.0,2309480
2015-03-17,273.55,271.0,276.75,271.45,1651940
2015-03-18,272.1,270.9,282.4,281.45,2133790
2015-03-19,284.05,282.8,291.5,288.45,2435370
2015-03-20,288.0,284.2,303.15,294.25,3413840
2015-03-23,295.65,280.5,297.1,282.5,1694930
2015-03-24,280.3,274.2,285.75,281.0,1523800
2015-03-25,280.75,272.5,281.4,277.5,1445110
2015-03-26,278.9,267.0,289.0,269.5,2722590
2015-03-27,268.55,265.1,271.55,267.0,1262340
2015-03-30,266.5,266.05,282.45,278.9,1396280
2015-03-31,278.9,275.0,287.0,287.0,1702490
2015-04-01,285.0,283.1,300.4,300.1,3186330
2015-04-02,300.05,296.65,301.75,301.5,1509140
2015-04-03,300.1,297.0,304.15,299.0,726230
2015-04-06,299.75,298.0,308.7,307.45,885960
2015-04-07,307.0,297.3,308.2,305.5,2085760
2015-04-08,303.0,297.5,303.85,303.0,1288530
2015-04-09,302.0,289.25,302.05,297.95,2115970
2015-04-10,289.35,288.2,302.35,297.2,2298780
2015-04-13,297.75,297.75,305.45,303.0,1647970
2015-04-14,310.4,295.75,310.4,301.0,1235710
2015-04-15,299.25,295.0,305.9,303.05,1123960
2015-04-16,304.65,295.55,313.0,313.0,2196490
2015-04-17,311.25,292.2,312.2,292.2,3508770
2015-04-20,295.55,293.5,303.45,301.2,2470900
2015-04-21,300.0,299.75,309.75,304.5,1215740
2015-04-22,309.5,291.35,309.5,295.85,2112260
2015-04-23,295.5,286.7,308.85,304.45,2098390
2015-04-24,305.9,295.35,305.9,297.0,1518150
2015-04-27,297.0,296.5,311.8,306.8,2610740
2015-04-28,306.9,301.75,309.9,309.9,1648210
2015-04-29,308.4,296.35,309.55,296.75,2071250
2015-04-30,297.95,290.05,299.8,292.35,1688810
2015-05-05,294.0,293.5,304.8,303.75,2145670
2015-05-06,303.65,299.45,309.9,309.9,2005440
2015-05-07,308.15,297.05,308.5,301.3,1390180
2015-05-08,301.4,299.05,305.5,303.25,1105330
2015-05-12,303.75,300.55,308.85,308.85,1201170
2015-05-13,308.25,300.25,308.25,303.2,1119680
2015-05-14,301.95,298.2,304.0,298.55,1693550
2015-05-15,300.6,292.2,303.0,296.7,1101570
2015-05-18,297.5,292.3,298.8,293.75,782510
2015-05-19,293.1,289.2,295.0,294.95,1099120
2015-05-20,295.8,290.2,297.35,294.15,731580
2015-05-21,295.95,293.0,299.4,297.85,889650
2015-05-22,298.85,297.9,302.95,302.6,912570
2015-05-25,301.75,294.7,301.75,297.3,592580
2015-05-26,297.95,289.1,300.1,292.0,978200
2015-05-27,291.7,291.0,297.5,297.0,1336220
2015-05-28,295.6,295.5,306.55,300.8,1569170
2015-05-29,301.55,280.2,308.1,280.2,2728220
2015-06-01,286.95,285.25,296.25,290.4,1880110
2015-06-02,292.5,290.6,298.8,294.25,1364100
2015-06-03,295.0,286.5,297.95,293.25,2027330
2015-06-04,294.4,293.35,299.8,297.0,1669460
2015-06-05,298.0,294.35,300.9,300.9,1159700
2015-06-08,300.9,292.0,301.7,292.0,1629460
2015-06-09,292.5,292.3,296.8,294.95,964840
2015-06-10,297.0,292.3,297.85,294.6,1243080
2015-06-11,295.75,292.6,297.4,296.9,1117220
2015-06-15,295.6,293.25,298.75,298.25,1469590
2015-06-16,298.3,295.8,301.55,298.3,791330
2015-06-17,298.55,295.0,300.3,296.25,859310
2015-06-18,297.0,293.5,297.0,295.3,781470
2015-06-19,294.1,288.85,294.65,290.4,1457480
2015-06-22,290.8,290.05,295.75,295.2,1048180
2015-06-23,296.0,293.0,296.45,293.0,927650
2015-06-24,294.5,292.25,295.75,295.25,800100
2015-06-25,293.6,291.35,296.75,291.35,771860
2015-06-26,292.1,291.8,299.85,296.55,1482970
2015-06-29,295.75,294.05,297.4,294.95,658130
2015-06-30,294.75,290.05,299.55,296.5,2666660
2015-07-01,296.15,294.5,299.15,294.8,1497350
2015-07-02,295.45,292.75,297.85,297.85,892590
2015-07-03,296.0,293.25,297.7,297.65,687010
2015-07-06,295.3,294.65,298.5,298.5,649430
2015-07-07,297.5,293.4,299.4,296.95,1055270
2015-07-08,295.75,277.2,297.1,281.7,3069710
2015-07-09,282.85,282.65,290.9,290.9,1632840
2015-07-10,291.7,287.65,292.75,289.5,986060
2015-07-13,289.0,288.45,295.05,295.05,1493180
2015-07-14,288.0,285.6,297.3,294.65,1717070
2015-07-15,294.95,294.1,300.0,299.0,1328940
2015-07-16,298.0,293.1,298.95,297.15,1128420
2015-07-17,296.55,293.15,297.9,295.0,813080
2015-07-20,295.35,288.15,295.5,290.9,1240860
2015-07-21,291.3,288.4,296.35,296.35,1373760
2015-07-22,295.7,288.0,295.7,294.15,1343340
2015-07-23,294.0,287.0,294.0,287.3,1286370
2015-07-24,287.0,278.05,288.6,278.05,1561670
2015-07-27,278.0,274.65,283.95,278.8,1990040
2015-07-28,279.1,279.0,290.85,288.5,2596690
2015-07-29,289.15,277.25,290.25,284.2,2858670
2015-07-30,284.5,280.0,284.5,284.4,1957670
2015-07-31,283.25,283.2,301.85,301.85,3508940
2015-08-03,299.1,296.3,303.9,303.9,1255070
2015-08-04,302.9,301.0,306.6,306.6,2018440
2015-08-05,306.6,302.4,315.0,315.0,1957520
2015-08-06,311.3,300.65,319.95,303.6,3947930
2015-08-07,303.6,303.6,308.6,304.3,1190430
2015-08-10,305.5,301.5,309.55,308.95,1208880
2015-08-11,309.0,307.5,314.5,307.5,1664460
2015-08-12,306.85,290.1,308.45,308.1,1600940
2015-08-13,308.25,308.25,314.0,314.0,1723900
2015-08-14,313.45,311.0,319.75,314.4,1758200
2015-08-17,314.9,311.9,318.75,316.5,1271670
2015-08-18,315.75,309.75,317.25,315.55,1364690
2015-08-19,315.0,304.15,315.25,306.6,1423910
2015-08-20,306.0,302.0,310.5,309.0,1762570
2015-08-21,307.4,292.1,307.4,293.6,2907740
2015-08-24,288.0,275.7,293.8,291.25,4116720
2015-08-25,290.0,285.4,300.0,288.45,2722580
2015-08-26,289.5,283.55,293.9,292.05,1953680
2015-08-27,293.5,293.5,308.0,306.0,2358140
2015-08-28,307.8,302.55,315.9,313.0,2440090
2015-08-31,310.7,310.7,323.0,323.0,1274430
2015-09-01,321.5,308.75,321.5,310.0,1922010
2015-09-02,309.15,304.3,317.55,305.05,1758570
2015-09-03,308.0,304.1,311.95,309.0,2059280
2015-09-04,306.05,301.6,307.75,304.9,1760230
2015-09-07,305.75,303.15,309.25,304.95,621870
2015-09-08,307.0,305.75,311.35,307.1,1147940
2015-09-09,308.1,306.05,311.95,308.5,1305500
2015-09-10,307.0,305.3,311.65,311.0,1755550
2015-09-11,311.65,306.2,312.8,308.2,1366280
2015-09-14,308.2,307.3,317.6,315.4,1466570
2015-09-15,314.25,312.9,316.5,315.0,1230260
2015-09-16,316.2,314.4,326.0,323.6,2471860
2015-09-17,324.7,321.25,329.45,327.3,1856630
2015-09-18,328.1,322.0,332.95,322.0,2547720
2015-09-21,326.0,312.4,327.1,315.0,1708260
2015-09-22,315.05,303.6,315.05,305.6,2531450
2015-09-23,305.6,299.9,309.6,301.0,1878510
2015-09-24,301.1,294.05,303.9,298.35,1791680
2015-09-25,300.0,299.75,309.8,307.0,1322270
2015-09-28,307.95,298.95,309.35,300.05,770400
2015-09-29,298.65,297.05,304.45,299.9,1113020
2015-09-30,301.8,300.6,308.55,308.55,1663210
2015-10-01,309.45,301.4,312.95,306.65,1985470
2015-10-02,306.0,298.7,307.35,300.85,1267080
2015-10-05,305.0,303.95,317.75,316.9,2872520
2015-10-06,317.0,315.05,323.75,323.75,1984680
2015-10-07,324.05,318.0,329.7,328.9,2170760
2015-10-08,327.5,317.5,328.6,323.2,2103250
2015-10-09,325.0,324.35,335.9,333.0,2186340
2015-10-12,335.0,320.75,335.75,325.0,2255360
2015-10-13,324.5,321.1,332.65,332.65,1504720
2015-10-14,330.0,324.25,332.05,328.5,1591970
2015-10-15,328.5,328.25,333.7,329.1,1563810
2015-10-16,331.7,328.0,333.85,328.0,1459890
2015-10-19,328.2,325.7,332.85,331.25,1197730
2015-10-20,330.65,326.85,332.6,332.6,1326720
2015-10-21,332.0,322.4,332.9,327.0,1745350
2015-10-22,327.0,323.1,330.2,328.35,975860
2015-10-23,329.95,329.5,337.0,333.8,1793900
2015-10-26,334.5,327.3,334.5,333.5,1526270
2015-10-27,332.7,328.05,345.0,345.0,2320900
2015-10-28,343.25,339.5,344.55,342.4,1489180
2015-10-29,340.5,333.1,343.6,334.95,1259770
2015-10-30,334.0,328.05,337.85,328.8,1432670
2015-11-02,328.75,327.0,336.2,336.2,909910
2015-11-03,335.15,334.0,345.8,344.2,1470230
2015-11-05,344.2,340.1,348.45,346.0,1483800
2015-11-06,346.35,344.6,350.4,348.0,1340450
2015-11-09,348.95,342.5,350.1,346.4,818390
2015-11-10,348.45,342.4,350.0,346.95,1545000
2015-11-11,345.1,341.25,349.75,345.0,987600
2015-11-12,344.35,338.9,345.95,340.1,1459640
2015-11-13,336.1,334.5,341.35,335.5,1541250
2015-11-16,334.75,334.25,340.8,336.25,1190090
2015-11-17,338.1,337.7,346.2,340.2,2164100
2015-11-18,342.0,338.7,346.15,342.4,1260710
2015-11-19,344.2,338.95,352.35,349.1,1946570
2015-11-20,347.8,344.5,352.0,349.85,1215230
2015-11-23,349.05,347.05,355.45,354.45,1045570
2015-11-24,354.75,339.35,354.75,345.0,1792870
2015-11-25,345.55,343.35,351.0,345.9,1158390
2015-11-26,345.9,342.05,348.45,344.3,1012140
2015-11-27,344.0,333.3,344.0,336.9,1821910
2015-11-30,336.9,314.05,338.9,314.05,4082240
2015-12-01,317.0,316.5,324.5,323.0,2782630
2015-12-02,324.2,317.5,325.0,321.5,2035980
2015-12-03,321.0,315.6,321.45,316.9,1358920
2015-12-04,317.7,305.2,318.95,312.0,2975010
2015-12-07,312.85,307.2,314.95,308.8,1964330
2015-12-08,307.35,304.05,312.0,304.9,1937450
2015-12-09,305.6,305.3,317.0,311.6,2019370
2015-12-10,311.75,311.05,316.4,314.2,1914870
2015-12-11,314.0,307.1,314.0,310.0,1247650
2015-12-14,307.9,302.6,310.6,303.8,1639400
2015-12-15,306.4,305.05,317.0,316.6,3020810
2015-12-16,317.0,313.05,322.7,313.4,2355000
2015-12-17,315.0,307.35,318.65,318.0,2587030
2015-12-18,316.5,302.1,316.9,303.0,2824110
2015-12-21,303.65,302.3,309.35,306.0,1805890
2015-12-22,306.0,304.2,308.6,306.9,1388950
2015-12-23,306.6,306.6,309.7,308.7,1455700
2015-12-24,310.0,308.05,316.95,313.55,1531520
2015-12-25,315.2,310.55,316.2,311.9,282460
2015-12-28,311.6,309.05,312.9,312.35,523920
2015-12-29,311.95,311.6,325.9,322.65,1291530
2015-12-30,321.4,315.0,325.5,317.6,1023430
2016-01-04,318.5,307.05,318.5,307.05,938430
2016-01-05,307.15,306.25,314.0,314.0,1244440
2016-01-06,313.2,310.5,319.4,316.0,1346180
2016-01-11,310.0,303.0,310.4,303.1,1560240
2016-01-12,302.25,299.0,310.0,305.7,1202710
2016-01-13,307.55,300.1,308.9,301.35,1758600
2016-01-14,300.0,295.4,301.8,300.65,1690300
2016-01-15,300.0,283.45,302.35,284.05,3342570
2016-01-18,282.0,277.5,289.9,284.65,2235870
2016-01-19,287.0,287.0,300.65,296.7,2913120
2016-01-20,293.0,285.15,294.15,290.0,2160980
2016-01-21,289.2,289.2,299.1,294.6,2187390
2016-01-22,301.1,296.9,321.4,319.9,3846870
2016-01-25,321.0,312.15,321.0,319.85,1774070
2016-01-26,316.8,307.85,318.9,308.05,1943020
2016-01-27,308.3,308.05,314.0,314.0,1238100
2016-01-28,314.1,312.0,326.5,326.5,2264000
2016-01-29,327.0,320.8,339.55,339.55,3747390
2016-02-01,338.0,325.0,338.0,332.0,2244730
2016-02-02,330.45,321.5,333.0,324.95,1598260
2016-02-03,322.0,316.65,326.1,317.45,1137310
2016-02-04,322.6,322.6,342.1,340.55,2672000
2016-02-05,338.0,334.0,339.9,335.3,1254040
2016-02-08,334.05,324.5,338.35,326.4,1962520
2016-02-09,320.6,317.5,328.7,325.5,1885450
2016-02-10,323.0,315.25,325.0,322.05,1847770
2016-02-11,321.0,310.0,321.0,313.0,2329190
2016-02-12,315.0,315.0,327.8,326.3,1987530
2016-02-15,328.3,324.0,329.8,327.35,1455040
2016-02-16,329.75,324.45,330.0,327.7,1175500
2016-02-17,326.15,325.6,332.5,327.9,1205250
2016-02-18,330.05,323.85,332.0,327.1,2129170
2016-02-19,325.5,315.65,328.0,318.3,1929990
2016-02-20,321.0,316.75,321.0,317.1,174650
2016-02-22,319.7,316.3,322.3,322.3,1301080
2016-02-24,319.6,309.35,319.6,312.9,2538220
2016-02-25,315.5,309.5,320.6,318.0,2345930
2016-02-26,320.3,317.05,323.9,319.35,1501290
2016-02-29,318.0,315.0,323.3,323.3,1675330
2016-03-01,323.4,322.0,330.0,329.8,2058810
2016-03-02,330.95,326.5,334.95,333.6,1752350
2016-03-03,333.9,332.6,341.0,341.0,2263580
2016-03-04,342.0,339.3,348.4,348.4,2145520
2016-03-07,348.95,348.15,355.1,355.1,1419750
2016-03-09,352.8,343.15,358.45,347.7,2845230
2016-03-10,350.05,344.15,350.05,349.6,1577690
2016-03-11,350.05,345.4,351.95,351.0,1391310
2016-03-14,350.0,339.75,351.75,341.45,1988340
2016-03-15,342.05,341.1,348.5,347.3,3189980
2016-03-16,347.3,342.2,349.45,349.0,1181370
2016-03-17,350.1,345.2,355.0,352.2,2807200
2016-03-18,352.6,350.2,365.0,364.0,3818310
2016-03-21,361.95,356.5,362.85,360.6,2179160
2016-03-22,361.0,351.6,361.0,359.5,2797490
2016-03-23,357.5,352.5,361.5,357.95,1958990
2016-03-24,356.0,345.3,357.0,348.5,2330470
2016-03-25,350.7,348.5,351.8,348.75,237620
2016-03-28,351.0,344.2,352.35,345.0,641430
2016-03-29,344.0,343.55,348.95,348.8,1310160
2016-03-30,350.05,349.05,359.65,357.9,2100560
2016-03-31,356.3,352.9,365.5,361.0,4022340
2016-04-01,358.55,347.05,358.95,356.0,2236960
2016-04-04,354.0,352.5,361.0,359.0,1795360
2016-04-05,355.75,348.05,355.85,351.0,1682130
2016-04-06,352.7,345.15,354.9,350.95,3273340
2016-04-07,352.6,348.6,361.8,361.8,3670460
2016-04-08,361.25,357.1,361.25,359.15,1746110
2016-04-11,359.0,353.7,359.95,359.85,1599530
2016-04-12,358.75,354.0,358.95,355.6,1160140
2016-04-13,357.45,355.7,359.7,356.8,2587790
2016-04-14,355.75,345.2,359.0,350.3,2168850
2016-04-15,348.05,345.8,352.7,348.4,1075660
2016-04-18,345.7,337.75,347.4,344.5,1886480
2016-04-19,345.0,339.5,352.35,344.0,2091180
2016-04-20,341.1,332.35,342.1,342.0,2355180
2016-04-21,343.45,331.45,344.75,333.0,2262760
2016-04-22,334.15,328.25,345.3,342.95,2695310
2016-04-25,342.0,340.65,353.2,352.8,1758130
2016-04-26,351.95,346.35,353.3,353.0,914170
2016-04-27,353.0,345.5,354.8,353.35,1416550
2016-04-28,353.0,346.0,356.9,356.9,1665370
2016-04-29,355.1,336.0,355.3,340.95,3051960
2016-05-04,334.0,324.3,340.65,330.4,2142030
2016-05-05,331.7,320.75,331.7,323.65,2386380
2016-05-06,323.25,318.0,323.5,320.0,1376930
2016-05-10,320.0,316.65,323.05,321.2,1432930
2016-05-11,321.5,320.5,328.5,322.85,1372380
2016-05-12,323.45,320.15,326.55,320.15,987010
2016-05-13,320.2,318.5,326.25,325.95,1423940
2016-05-16,327.0,321.15,331.5,321.2,1350000
2016-05-17,322.3,316.3,324.8,322.8,1256200
2016-05-18,323.0,320.0,325.75,325.5,1080500
2016-05-19,322.8,317.0,323.5,317.0,2139980
2016-05-20,318.5,312.0,319.05,313.5,2264460
2016-05-23,313.5,305.3,313.5,305.7,1450920
2016-05-24,306.45,304.1,308.95,304.45,1602540
2016-05-25,306.9,304.8,308.8,305.9,1290050
2016-05-26,307.5,305.75,316.25,309.9,1725260
2016-05-27,309.9,306.65,311.55,310.0,1051270
2016-05-30,308.65,307.55,314.55,313.55,696220
2016-05-31,311.0,300.0,314.5,301.8,3430940
2016-06-01,302.15,301.5,310.45,309.55,1636200
2016-06-02,310.2,303.3,313.95,311.95,1503720
2016-06-03,312.0,309.85,315.45,314.0,1340170
2016-06-06,315.0,313.75,323.35,320.85,1590980
2016-06-07,322.0,320.85,335.0,335.0,3499250
2016-06-08,335.3,325.3,335.7,331.5,1796990
2016-06-09,334.75,318.25,334.75,319.4,1639900
2016-06-10,316.9,315.0,322.4,316.5,1367020
2016-06-14,316.75,313.0,322.0,322.0,1143260
2016-06-15,320.35,318.4,325.0,323.45,2006690
2016-06-16,321.4,313.5,324.0,321.3,1787230
2016-06-17,322.0,318.4,327.75,325.05,2072340
2016-06-20,327.3,323.65,329.5,329.25,694350
2016-06-21,328.85,320.1,331.65,322.85,1353410
2016-06-22,324.9,323.55,328.5,327.25,808410
2016-06-23,326.25,323.65,331.8,330.0,1093700
2016-06-24,318.2,315.15,326.2,325.65,2194120
2016-06-27,324.25,314.1,325.0,316.0,1140520
2016-06-28,317.6,317.25,324.8,322.35,841800
2016-06-29,323.85,322.0,328.65,328.65,892170
2016-06-30,328.4,323.0,331.5,331.5,1361470
2016-07-01,330.45,326.5,331.5,331.5,814190
2016-07-04,331.95,327.3,332.0,327.3,472110
2016-07-05,326.9,318.4,326.9,322.0,1026250
2016-07-06,321.2,317.1,322.35,321.15,1247650
2016-07-07,314.1,314.0,320.55,314.35,1616210
2016-07-08,312.7,305.95,313.65,311.8,1032080
2016-07-11,311.2,311.1,319.85,317.9,1381140
2016-07-12,318.45,317.25,327.25,326.35,1568800
2016-07-13,324.5,314.25,326.1,316.05,1862040
2016-07-14,317.05,314.0,321.0,318.0,1541330
2016-07-15,318.9,317.0,325.6,325.6,1394340
2016-07-18,325.5,319.4,327.85,326.35,1496160
2016-07-19,323.25,319.0,324.9,323.0,1512570
2016-07-20,321.65,314.5,322.45,317.3,1471890
2016-07-21,318.8,317.3,321.2,320.7,775100
2016-07-22,321.15,319.0,322.95,319.0,678910
2016-07-25,320.5,318.05,323.0,323.0,985770
2016-07-26,322.85,315.3,322.85,317.7,1594670
2016-07-27,317.3,314.1,319.8,319.8,1430480
2016-07-28,318.2,315.5,322.0,320.95,1300440
2016-07-29,321.7,315.05,322.9,317.45,2328610
2016-08-01,319.45,318.4,322.0,320.9,1422020
2016-08-02,319.0,311.0,320.9,314.45,1798670
2016-08-03,314.45,311.25,315.5,314.05,853720
2016-08-04,316.6,315.35,328.0,328.0,1661650
2016-08-05,327.5,323.2,329.2,328.5,1105020
2016-08-08,329.35,325.4,330.3,330.0,1102640
2016-08-09,329.25,324.15,329.45,326.75,1273560
2016-08-10,325.05,320.05,326.35,325.3,1569700
2016-08-11,323.85,321.0,326.9,326.5,1047330
2016-08-12,326.6,326.45,333.1,332.0,1792730
2016-08-15,332.05,330.85,335.85,332.6,856060
2016-08-16,332.4,331.45,337.85,337.85,1043980
2016-08-17,337.85,332.0,337.85,334.6,894010
2016-08-18,335.0,332.1,335.5,335.0,410630
2016-08-19,333.8,325.6,334.65,325.6,934640
2016-08-22,326.0,322.75,331.95,331.95,969620
2016-08-23,331.45,326.9,331.45,328.2,783130
2016-08-24,328.3,323.75,329.5,326.6,613050
2016-08-25,326.5,320.15,326.95,325.5,1147080
2016-08-26,325.3,321.15,329.25,327.55,1184930
2016-08-29,325.75,322.0,326.65,326.25,555680
2016-08-30,326.5,324.65,328.6,325.55,708160
2016-08-31,324.75,316.05,326.35,317.75,2164830
2016-09-01,319.15,318.05,324.1,322.85,1391830
2016-09-02,322.85,320.0,324.3,321.0,916240
2016-09-05,321.85,321.0,327.45,326.5,1021650
2016-09-06,325.85,323.15,328.7,327.65,1075670
2016-09-07,327.95,327.85,331.6,331.25,1411020
2016-09-08,331.05,323.8,331.35,329.8,1482990
2016-09-09,327.55,320.5,328.5,320.8,1349430
2016-09-12,318.0,318.0,322.6,319.25,1036610
2016-09-13,320.55,317.0,321.5,318.4,696760
2016-09-14,318.95,313.7,319.3,313.7,1112770
2016-09-15,313.95,312.45,318.25,318.25,838370
2016-09-16,318.0,310.2,321.9,316.7,2114200
2016-09-19,316.95,314.8,323.95,323.95,1221590
2016-09-20,322.25,318.5,325.0,324.35,1174500
2016-09-21,324.95,317.05,326.7,318.45,994240
2016-09-22,320.25,317.45,322.45,322.45,1054430
2016-09-23,321.95,318.55,323.95,323.25,851530
2016-09-26,320.35,317.8,321.65,319.15,739680
2016-09-27,319.15,315.25,319.6,316.8,1361180
2016-09-28,316.1,315.7,320.95,319.5,694520
2016-09-29,324.2,321.5,327.55,325.85,1722910
2016-09-30,324.2,320.1,326.7,320.25,1288290
2016-10-03,321.7,318.6,322.5,320.65,798770
2016-10-04,320.6,319.95,324.45,324.45,1716750
2016-10-05,324.25,319.95,326.55,326.1,949140
2016-10-06,325.2,323.65,326.85,326.85,1224840
2016-10-07,326.8,324.95,328.0,326.85,993500
2016-10-10,325.9,323.95,327.2,325.85,1041220
2016-10-11,323.55,323.4,328.5,327.95,868100
2016-10-12,326.15,325.75,329.6,326.9,1499600
2016-10-13,328.45,326.0,330.7,330.6,1095340
2016-10-14,330.65,326.7,331.6,328.5,1467870
2016-10-17,327.35,326.5,331.95,329.05,1461410
2016-10-18,331.25,330.35,334.6,333.8,559180
2016-10-19,334.0,330.0,334.95,331.4,1039140
2016-10-20,331.25,330.15,333.4,331.5,1083120
2016-10-21,333.0,327.5,333.3,331.3,412790
2016-10-24,331.8,327.55,332.0,331.0,915380
2016-10-25,331.3,329.3,339.95,338.95,2402030
2016-10-26,337.5,332.6,339.2,332.6,1161800
2016-10-27,334.7,330.75,335.4,334.45,1133250
2016-10-28,333.15,331.55,338.4,338.4,565420
2016-10-31,336.55,334.55,355.0,355.0,2387030
2016-11-01,354.85,354.35,363.6,362.55,2404850
2016-11-02,361.5,353.8,362.8,355.9,1532730
2016-11-03,355.0,352.9,358.3,355.0,1055560
2016-11-07,356.15,355.25,361.95,355.9,1585770
2016-11-08,359.5,350.85,360.25,353.8,985630
2016-11-09,347.5,347.5,369.9,364.6,3502540
2016-11-10,365.6,362.4,387.35,375.0,3729770
2016-11-11,377.95,357.45,380.0,357.45,2719440
2016-11-14,360.8,359.85,366.3,361.0,2389070
2016-11-15,362.75,355.2,371.95,363.7,2320190
2016-11-16,365.5,364.8,383.9,381.95,2075700
2016-11-17,380.2,380.2,400.3,399.55,2016020
2016-11-18,396.55,385.5,404.8,386.8,1714770
2016-11-21,390.0,383.1,398.8,398.0,2110080
2016-11-22,398.0,385.1,398.55,385.85,1327290
2016-11-23,385.5,385.05,392.45,392.4,1149330
2016-11-24,392.35,389.6,397.65,389.6,1116460
2016-11-25,389.6,384.5,391.8,386.1,496690
2016-11-28,385.0,383.1,392.8,391.0,473620
2016-11-29,388.85,383.5,391.1,384.0,1164600
2016-11-30,385.85,383.2,397.55,388.3,3107470
2016-12-01,391.3,390.65,401.65,398.5,1667790
2016-12-02,396.5,393.1,402.3,397.8,1431050
2016-12-05,398.85,395.2,416.5,413.7,2155790
2016-12-06,414.8,411.2,426.4,422.95,2120360
2016-12-07,420.25,416.25,425.9,423.5,1692920
2016-12-08,422.25,415.25,425.85,417.8,1752670
2016-12-09,419.85,412.8,423.0,417.3,1092700
2016-12-12,422.4,388.7,427.65,394.0,3569200
2016-12-13,394.0,390.2,406.45,405.95,2175480
2016-12-14,407.4,385.0,409.95,395.0,2310850
2016-12-15,393.3,387.8,407.8,405.0,3430750
2016-12-16,405.5,397.0,408.55,403.35,3272130
2016-12-19,405.0,398.8,406.0,398.8,906720
2016-12-20,399.15,396.5,410.4,410.0,892790
2016-12-21,409.9,405.65,413.3,410.95,1130290
2016-12-22,410.0,395.4,410.0,399.85,992650
2016-12-23,397.4,391.9,406.85,394.65,903570
2016-12-26,392.35,392.35,400.55,397.55,270870
2016-12-27,397.55,396.25,403.2,402.95,325640
2016-12-28,403.05,401.65,417.25,410.3,1597980
2016-12-29,410.3,405.1,421.75,420.4,1108900
2016-12-30,420.0,415.15,427.2,427.0,1296210
2017-01-03,426.45,424.55,447.85,445.2,1272240
2017-01-04,444.9,434.1,446.4,446.4,1195400
2017-01-05,445.35,418.25,448.65,424.25,2121340
2017-01-06,423.2,415.5,426.8,423.45,801670
2017-01-09,423.5,418.2,426.45,425.8,889510
2017-01-10,424.05,421.9,429.4,428.6,1138420
2017-01-11,426.6,421.45,431.7,431.25,864100
2017-01-12,431.75,428.1,438.0,438.0,1110210
2017-01-13,437.2,427.1,439.0,433.1,765110
2017-01-16,432.5,426.15,435.35,427.25,576850
2017-01-17,427.15,423.0,428.4,423.05,640040
2017-01-18,423.25,418.0,427.3,420.0,695020
2017-01-19,418.65,406.15,420.55,412.15,1498250
2017-01-20,411.15,405.15,418.35,411.15,1146210
2017-01-23,410.85,398.55,410.85,401.8,1157620
2017-01-24,405.0,402.6,411.7,411.7,1055710
2017-01-25,412.35,404.05,412.35,409.8,912850
2017-01-26,411.7,409.35,430.0,429.95,1533660
2017-01-27,429.0,421.6,438.65,435.0,1392130
2017-01-30,428.0,418.5,433.45,421.0,996380
2017-01-31,419.75,406.25,420.75,406.7,1388990
2017-02-01,407.7,407.05,413.2,408.8,1397160
2017-02-02,409.5,400.5,411.05,404.9,1809640
2017-02-03,404.5,401.25,406.45,404.4,1070700
2017-02-06,406.5,396.7,406.5,401.95,1325930
2017-02-07,401.95,395.5,402.5,399.0,890690
2017-02-08,398.8,396.05,406.0,406.0,1549530
2017-02-09,405.9,397.2,407.6,398.95,1248790
2017-02-10,400.0,390.8,400.5,398.3,1185980
2017-02-13,399.65,390.0,399.65,395.45,1600010
2017-02-14,394.5,385.2,395.0,385.2,1583640
2017-02-15,385.4,376.4,385.4,377.5,1613790
2017-02-16,376.3,374.15,380.75,380.5,1488760
2017-02-17,381.25,366.5,382.85,367.1,2340910
2017-02-20,368.0,360.2,368.8,365.0,1542430
2017-02-21,365.0,361.3,368.3,366.15,1092990
2017-02-22,367.8,360.15,367.8,364.5,1392960
2017-02-24,364.0,357.5,364.0,360.0,869510
2017-02-27,361.45,351.9,363.7,351.9,1406150
2017-02-28,351.6,340.0,355.35,340.95,2785870
2017-03-01,340.7,338.25,357.0,355.95,2219370
2017-03-02,356.0,353.75,367.7,365.0,2398870
2017-03-03,361.25,355.05,365.7,364.0,1391440
2017-03-06,365.35,359.85,373.55,370.0,1474840
2017-03-07,372.0,348.25,372.0,354.95,2453480
2017-03-09,350.5,340.45,355.3,342.7,2499510
2017-03-10,343.05,339.55,349.2,341.1,1427880
2017-03-13,343.5,339.35,363.5,363.4,2199840
2017-03-14,365.1,359.35,368.6,365.4,1514450
2017-03-15,364.95,353.4,368.6,356.0,1436380
2017-03-16,360.95,359.6,372.3,371.0,2883680
2017-03-17,369.0,364.2,371.95,368.7,2153280
2017-03-20,369.25,355.15,370.7,364.45,1870910
2017-03-21,364.55,360.0,367.6,364.7,1792240
2017-03-22,361.1,350.95,366.15,365.5,2091420
2017-03-23,366.65,356.25,368.8,359.95,1402930
2017-03-24,356.7,348.4,361.75,349.0,1602280
2017-03-27,348.0,341.5,349.55,347.35,1004530
2017-03-28,347.85,344.0,351.9,351.9,1981330
2017-03-29,351.5,345.45,355.4,354.0,1748430
2017-03-30,354.1,351.65,360.8,359.9,2622100
2017-03-31,358.5,346.35,359.4,347.65,1534930
2017-04-03,349.0,344.5,351.45,351.0,850650
2017-04-04,350.0,347.1,355.0,352.35,734210
2017-04-05,353.0,352.8,369.85,369.85,2083030
2017-04-06,368.05,363.4,369.8,369.45,1965270
2017-04-07,367.2,352.4,368.65,357.7,1903920
2017-04-10,357.8,342.6,358.6,343.3,1360410
2017-04-11,344.05,338.45,348.25,342.15,1723920
2017-04-12,342.9,330.35,344.2,334.95,1318980
2017-04-13,336.8,323.3,337.0,330.0,1738490
2017-04-14,329.15,323.1,329.35,325.0,452590
2017-04-17,325.6,323.35,331.9,329.0,619700
2017-04-18,330.85,322.25,333.3,323.25,1188520
2017-04-19,324.0,322.8,329.0,326.65,1231470
2017-04-20,326.0,321.8,327.4,324.45,1481190
2017-04-21,326.0,323.1,327.0,326.85,1375340
2017-04-24,327.6,327.1,332.95,331.6,1235910
2017-04-25,331.95,328.6,336.75,335.1,1686030
2017-04-26,336.6,332.6,341.95,339.8,1459130
2017-04-27,340.0,334.6,362.5,361.2,3310300
2017-04-28,362.1,360.3,378.25,377.0,2496620
2017-05-02,377.0,371.1,378.85,371.35,1736160
2017-05-03,371.5,361.0,373.85,361.0,1164060
2017-05-04,361.25,361.25,375.9,368.25,1522970
2017-05-05,366.05,361.9,368.3,368.3,1089210
2017-05-10,374.1,367.65,376.35,373.5,1762830
2017-05-11,373.5,365.65,374.3,372.35,1214790
2017-05-12,370.6,368.5,375.5,375.5,1059090
2017-05-15,377.0,367.15,386.5,386.5,1442250
2017-05-16,385.0,381.35,393.15,384.0,2949020
2017-05-17,381.4,381.25,394.2,393.5,1750260
2017-05-18,391.9,386.5,393.1,392.8,1787130
2017-05-19,395.0,390.65,400.0,392.25,1737210
2017-05-22,393.5,382.6,393.6,389.35,1300930
2017-05-23,388.8,386.0,394.35,392.0,1332160
2017-05-24,393.95,392.45,400.0,400.0,1158380
2017-05-25,400.0,386.55,400.8,389.5,1402470
2017-05-26,388.7,378.25,388.7,388.0,1375170
2017-05-29,386.9,383.0,390.75,388.8,737820
2017-05-30,386.3,380.65,387.65,387.0,1150620
2017-05-31,386.4,381.65,397.35,384.5,7056990
2017-06-01,386.35,372.0,387.95,378.45,2644870
2017-06-02,374.7,370.15,380.4,380.3,2036330
2017-06-05,380.0,374.5,380.9,376.3,1008800
2017-06-06,377.7,361.45,377.7,363.4,2038150
2017-06-07,363.25,358.0,366.8,358.0,1319080
2017-06-08,358.8,351.1,362.3,359.9,2623300
2017-06-09,356.75,352.5,360.85,360.0,1915960
2017-06-13,360.3,357.2,362.35,360.3,1495550
2017-06-14,361.0,354.45,365.65,365.65,2024370
2017-06-15,362.6,354.6,366.9,365.0,4768530
2017-06-16,365.0,349.55,365.7,350.1,3134880
2017-06-19,351.85,351.2,368.8,368.55,1520530
2017-06-20,367.55,366.25,373.1,369.0,927000
2017-06-21,368.6,366.65,376.8,376.4,1143340
2017-06-22,373.9,368.05,374.95,373.1,948510
2017-06-23,371.8,370.45,377.55,371.85,1263310
2017-06-26,373.75,368.65,375.1,370.0,915170
2017-06-27,369.75,366.35,373.75,372.25,742910
2017-06-28,372.3,368.9,380.9,380.9,1209000
2017-06-29,381.0,375.3,381.65,378.85,946840
2017-06-30,378.1,372.0,382.95,375.6,1472450
2017-07-03,376.7,376.0,390.15,389.15,1370740
2017-07-04,389.25,381.75,389.25,383.4,1401110
2017-07-05,383.0,380.25,388.5,388.5,1406230
2017-07-06,370.0,364.55,373.1,370.95,1999910
2017-07-07,368.8,364.6,373.5,369.1,1389760
2017-07-10,367.5,361.15,371.4,365.5,850410
2017-07-11,366.5,362.5,368.0,367.05,797680
2017-07-12,368.95,366.1,374.75,374.0,1499560
2017-07-13,374.0,370.05,378.0,377.8,1022300
2017-07-14,376.8,374.65,379.95,378.0,683220
2017-07-17,378.3,373.3,382.05,377.3,1243550
2017-07-18,378.15,368.45,380.2,371.75,1230210
2017-07-19,371.05,370.05,386.5,386.5,1619780
2017-07-20,385.05,383.05,387.25,386.7,1357810
2017-07-21,384.5,382.7,387.2,385.1,709560
2017-07-24,385.15,380.75,387.75,386.75,1424490
2017-07-25,385.5,376.1,387.95,380.2,1404080
2017-07-26,380.4,379.65,389.8,389.8,1919950
2017-07-27,390.15,383.4,393.8,388.1,1171920
2017-07-28,385.6,375.5,386.5,379.0,1305220
2017-07-31,381.5,380.35,393.25,390.1,1199710
2017-08-01,392.6,386.95,394.0,389.8,1272310
2017-08-02,390.1,387.15,393.6,392.0,1025370
2017-08-03,392.0,389.1,395.7,392.6,715720
2017-08-04,390.7,379.85,390.7,382.95,1252100
2017-08-07,385.8,381.25,387.0,387.0,529280
2017-08-08,387.0,385.55,401.0,401.0,1089520
2017-08-09,398.2,388.3,400.6,389.9,1510970
2017-08-10,393.2,387.5,395.8,388.15,876660
2017-08-11,388.0,377.6,390.1,379.45,1687700
2017-08-14,381.4,377.0,382.65,377.0,1092450
2017-08-15,377.3,373.15,378.65,377.35,547060
2017-08-16,378.3,377.3,383.7,379.25,916520
2017-08-17,378.2,377.15,383.6,381.5,682690
2017-08-18,380.0,374.6,384.3,380.95,833080
2017-08-21,380.5,373.3,383.1,375.5,825190
2017-08-22,376.0,375.7,381.9,381.25,479710
2017-08-23,380.0,377.25,383.35,382.15,830950
2017-08-24,383.15,380.4,383.8,383.2,547680
2017-08-25,384.45,382.5,386.7,385.5,939430
2017-08-28,385.0,382.1,390.0,388.0,834470
2017-08-29,386.95,375.1,387.25,382.85,1699100
2017-08-30,382.8,376.0,384.0,381.55,978720
2017-08-31,378.35,377.05,388.0,388.0,1896490
2017-09-01,386.1,384.05,389.5,386.15,1123710
2017-09-04,385.55,383.15,388.7,385.4,848780
2017-09-05,386.75,383.65,389.4,386.0,1103850
2017-09-06,387.0,383.25,393.0,392.5,1702760
2017-09-07,393.0,389.4,395.8,389.4,1343880
2017-09-08,389.05,388.4,396.25,395.85,966150
2017-09-11,396.4,388.2,398.3,391.05,1508530
2017-09-12,391.9,383.6,392.0,391.35,1246570
2017-09-13,390.5,384.5,390.5,384.5,1687800
2017-09-14,385.55,384.25,392.8,391.05,1127260
2017-09-15,390.55,386.8,398.0,396.6,2185440
2017-09-18,397.4,394.65,400.3,395.5,1015870
2017-09-19,395.05,389.25,396.95,391.05,891000
2017-09-20,389.65,389.65,399.95,399.95,1168210
2017-09-21,399.85,396.3,411.0,409.4,2347460
2017-09-22,408.0,400.0,409.3,402.35,1554910
2017-09-25,403.5,400.75,412.15,412.1,1067910
2017-09-26,415.0,405.7,415.0,405.7,1204100
2017-09-27,407.9,403.0,412.5,410.95,1294780
2017-09-28,409.25,407.5,413.35,411.65,869780
2017-09-29,408.75,403.95,411.45,411.25,1269920
2017-10-02,410.5,403.15,412.35,403.15,930730
2017-10-03,404.05,403.05,408.05,404.85,874520
2017-10-04,405.0,402.55,417.0,414.8,1237700
2017-10-05,413.55,413.5,422.0,419.95,962970
2017-10-06,420.0,420.0,427.6,425.0,1180290
2017-10-09,424.05,420.0,426.6,421.1,678870
2017-10-10,421.0,418.4,425.0,424.35,690340
2017-10-11,422.4,422.4,432.0,427.9,1208410
2017-10-12,429.0,426.0,429.9,428.6,536330
2017-10-13,427.55,425.5,430.2,430.2,608590
2017-10-16,430.25,426.0,431.15,429.75,1216030
2017-10-17,429.0,422.65,429.0,425.3,731400
2017-10-18,426.85,418.55,426.85,421.05,960050
2017-10-19,422.05,415.15,422.05,415.55,784210
2017-10-20,417.9,415.3,428.5,424.85,1440840
2017-10-23,424.0,418.25,425.5,418.95,776370
2017-10-24,418.4,418.35,424.75,422.6,606030
2017-10-25,424.0,411.7,424.45,412.0,1446570
2017-10-26,412.0,407.55,414.5,408.35,1311970
2017-10-27,410.0,410.0,420.8,419.85,1073080
2017-10-30,418.35,416.1,431.45,424.3,1932170
2017-10-31,425.8,424.45,438.95,436.0,1820860
2017-11-01,439.0,436.35,445.55,444.4,1176850
2017-11-02,443.8,434.2,443.8,439.0,1042090
2017-11-03,437.5,437.5,446.0,437.5,1257280
2017-11-07,446.95,446.25,491.95,491.95,4914420
2017-11-08,494.9,487.6,499.5,490.0,1915630
2017-11-09,491.0,484.65,495.55,491.35,1365190
2017-11-10,492.05,485.2,495.15,487.0,1129150
2017-11-13,487.0,484.3,500.0,484.3,1455910
2017-11-14,484.05,482.5,493.45,487.5,1329170
2017-11-15,487.25,479.6,492.8,479.6,1284790
2017-11-16,482.2,471.0,483.5,471.0,1398040
2017-11-17,470.65,466.4,476.05,468.85,1152480
2017-11-20,472.0,467.0,473.3,471.0,409660
2017-11-21,474.35,472.45,494.15,492.35,1596630
2017-11-22,494.95,484.15,497.0,488.95,1154410
2017-11-23,488.95,480.45,488.95,483.95,666350
2017-11-24,484.0,475.95,486.85,479.5,875940
2017-11-27,480.9,476.25,489.25,483.9,1200100
2017-11-28,485.5,468.8,485.5,480.0,1403750
2017-11-29,478.4,466.05,479.85,467.65,1394400
2017-11-30,468.5,456.7,478.45,456.7,3764090
2017-12-01,457.6,457.6,465.0,459.75,1434640
2017-12-04,461.5,455.9,518.0,511.45,4744390
2017-12-05,508.55,500.3,518.55,506.7,3589060
2017-12-06,503.05,502.05,512.35,510.9,1493770
2017-12-07,509.1,503.4,511.6,507.0,1471260
2017-12-08,508.1,500.1,510.5,503.1,772860
2017-12-11,505.0,503.15,516.95,516.95,1549940
2017-12-12,518.0,506.15,520.0,517.0,1906690
2017-12-13,515.0,501.6,515.0,503.0,1690850
2017-12-14,504.75,491.2,510.5,492.8,2506170
2017-12-15,494.0,480.7,494.0,487.55,2205340
2017-12-18,487.7,486.6,503.0,503.0,1426500
2017-12-19,502.9,490.15,506.9,491.65,1232640
2017-12-20,490.75,477.3,493.9,477.3,1538700
2017-12-21,457.6,452.3,472.5,471.95,2284390
2017-12-22,471.5,465.65,481.6,481.6,869510
2017-12-25,481.3,477.0,485.0,481.75,338910
2017-12-26,481.75,478.25,486.2,483.0,547600
2017-12-27,484.95,478.35,487.25,482.4,1073420
2017-12-28,480.5,464.75,481.95,477.95,1061300
2017-12-29,476.5,469.45,479.35,478.8,659910
2018-01-03,479.0,474.1,486.8,486.8,871830
2018-01-04,486.8,484.8,502.0,502.0,1733640
2018-01-05,502.0,493.3,502.5,500.9,870630
2018-01-09,503.9,502.05,514.0,511.3,1951470
2018-01-10,510.25,507.2,514.45,510.3,1412640
2018-01-11,513.3,506.0,513.3,508.95,1123610
2018-01-12,508.0,506.05,515.55,515.55,1410180
2018-01-15,516.0,514.0,526.8,518.15,2144950
2018-01-16,516.3,515.0,528.95,528.95,2088160
2018-01-17,524.5,521.35,546.85,546.0,3169480
2018-01-18,545.0,545.0,560.0,560.0,2308220
2018-01-19,556.5,547.55,569.8,551.2,2644800
2018-01-22,552.8,548.35,567.85,567.15,2173550
2018-01-23,570.0,552.5,586.3,564.4,2408560
2018-01-24,562.5,555.05,569.7,569.7,1266360
2018-01-25,570.0,564.55,578.4,573.8,2528250
2018-01-26,572.65,567.5,580.0,580.0,1509240
2018-01-29,578.0,571.05,587.85,578.6,1894080
2018-01-30,575.5,561.85,582.8,565.4,1704020
2018-01-31,562.5,558.6,573.95,565.2,1773300
2018-02-01,567.4,565.6,579.05,578.65,1243740
2018-02-02,576.8,574.2,580.0,579.0,1855050
2018-02-05,577.0,561.25,578.5,564.4,1960090
2018-02-06,554.9,542.7,558.0,542.7,3029440
2018-02-07,547.5,547.5,568.9,563.1,2190300
2018-02-08,559.5,555.3,566.0,555.5,1864470
2018-02-09,550.1,536.7,551.95,536.7,2268260
2018-02-12,542.05,536.0,546.15,536.0,1625230
2018-02-13,538.45,534.5,550.2,549.75,1649400
2018-02-14,550.0,542.65,554.0,554.0,1623140
2018-02-15,555.1,554.8,565.65,560.0,1993460
2018-02-16,560.3,560.3,574.25,569.0,2928720
2018-02-19,572.2,565.0,575.7,569.05,1049110
2018-02-20,569.15,567.7,574.8,574.8,883050
2018-02-21,574.0,570.1,586.3,586.3,1916890
2018-02-22,583.55,580.1,600.2,599.5,2104750
2018-02-26,608.75,595.95,609.3,602.0,2501420
2018-02-27,604.55,597.45,606.2,606.2,1893440
2018-02-28,603.8,591.6,603.8,594.0,4142530
2018-03-01,588.9,588.25,599.85,594.8,1938850
2018-03-02,592.05,585.0,598.9,595.0,1342010
2018-03-05,599.8,596.55,604.45,600.4,1446800
2018-03-06,602.0,600.2,606.95,604.0,1510340
2018-03-07,601.0,590.05,601.75,595.25,2270340
2018-03-09,593.1,593.1,604.1,604.0,1085820
2018-03-12,604.05,600.0,608.1,606.8,1230720
2018-03-13,605.65,601.85,610.0,606.5,1841890
2018-03-14,605.9,599.0,607.0,602.95,1575420
2018-03-15,601.75,596.8,607.0,606.7,2266870
2018-03-16,604.8,600.85,613.25,613.25,5019320
2018-03-19,613.0,607.5,624.0,611.0,1618840
2018-03-20,613.5,609.7,621.4,620.0,1561570
2018-03-21,623.6,618.1,624.75,618.8,1539630
2018-03-22,618.8,613.4,622.5,616.75,1284640
2018-03-23,612.1,610.3,620.45,618.35,1191730
2018-03-26,618.8,603.15,618.8,603.5,1781560
2018-03-27,607.85,601.6,613.5,605.5,1665710
2018-03-28,603.0,600.0,609.0,604.0,1577400
2018-03-29,607.5,599.05,615.0,615.0,2394970
2018-03-30,614.95,610.05,616.65,611.6,390880
2018-04-02,613.25,598.3,614.85,598.3,809360
2018-04-03,598.75,597.65,604.95,604.95,982090
2018-04-04,604.9,595.0,607.9,599.75,1748480
2018-04-05,600.5,600.5,615.0,614.55,1045010
2018-04-06,610.7,605.3,612.3,610.0,986750
2018-04-09,607.7,575.6,609.55,596.7,5447570
2018-04-10,600.0,598.1,649.4,641.1,4385960
2018-04-11,641.0,637.85,660.5,650.25,3251630
2018-04-12,650.85,641.85,655.65,655.65,2263520
2018-04-13,655.65,642.8,657.6,647.75,2133910
2018-04-16,645.0,640.15,658.95,650.0,1733970
2018-04-17,654.0,650.7,660.0,657.0,2466460
2018-04-18,657.6,654.0,663.35,660.55,2221550
2018-04-19,660.5,649.45,661.35,660.0,1822690
2018-04-20,657.2,651.5,659.65,657.1,1360640
2018-04-23,657.45,652.6,666.2,659.45,1969540
2018-04-24,660.0,658.35,663.6,661.0,993620
2018-04-25,658.1,654.35,666.0,666.0,1161330
2018-04-26,665.3,663.7,680.35,680.0,1537100
2018-04-27,680.0,666.15,685.25,685.25,1527720
2018-04-28,678.4,675.25,683.75,680.7,283410
2018-04-30,678.9,671.05,678.9,671.05,743910
2018-05-02,670.0,661.15,680.25,671.0,2103800
2018-05-03,670.0,650.0,670.95,650.0,2162650
2018-05-04,653.9,647.75,663.2,659.35,1782640
2018-05-07,660.0,653.15,667.2,654.15,1091700
2018-05-08,654.9,651.5,666.95,666.95,1746090
2018-05-10,677.9,664.65,677.9,671.8,1846750
2018-05-11,672.0,672.0,681.55,677.55,1360360
2018-05-14,675.0,674.65,690.7,685.25,1435690
2018-05-15,685.75,678.25,692.8,679.55,2309020
2018-05-16,684.0,673.0,687.95,676.0,1982750
2018-05-17,679.0,672.0,685.0,672.1,1499040
2018-05-18,673.95,672.0,687.0,681.5,1499620
2018-05-21,683.5,681.85,697.5,685.0,1233610
2018-05-22,685.5,675.1,685.5,676.05,1237090
2018-05-23,675.1,664.3,678.35,664.3,1501320
2018-05-24,666.5,662.4,672.95,664.0,1129930
2018-05-25,664.15,663.2,674.65,667.6,1288600
2018-05-28,667.6,663.3,667.95,663.35,403310
2018-05-29,664.9,663.5,676.25,675.95,1530430
2018-05-30,676.5,667.1,682.95,669.5,1880600
2018-05-31,672.85,663.65,677.45,666.5,5375850
2018-06-01,669.85,662.7,674.95,665.55,1122980
2018-06-04,667.8,666.3,675.4,670.45,978090
2018-06-05,670.5,668.05,677.25,673.85,1050760
2018-06-06,675.0,665.0,676.25,668.5,792730
2018-06-07,669.0,668.0,675.5,668.0,1113770
2018-06-08,669.35,653.05,676.65,653.3,3083040
2018-06-09,656.55,654.3,659.95,656.35,92030
2018-06-11,658.75,651.1,659.55,653.0,789170
2018-06-13,654.45,651.35,659.95,655.0,1866060
2018-06-14,655.05,639.6,656.8,642.05,2157990
2018-06-15,640.85,640.85,655.9,650.0,3595110
2018-06-18,648.0,641.0,649.75,641.0,1362870
2018-06-19,640.0,636.9,650.5,646.05,2536910
2018-06-20,652.8,650.65,666.0,655.0,1777080
2018-06-21,656.9,655.8,668.3,661.45,1861440
2018-06-22,664.4,655.8,672.35,656.65,1728370
2018-06-25,656.65,656.65,679.85,672.65,1446590
2018-06-26,676.75,659.6,681.5,660.45,1512710
2018-06-27,663.0,662.65,679.0,674.15,1296160
2018-06-28,674.75,655.2,675.55,658.0,1696400
2018-06-29,664.85,659.45,675.95,675.95,1844510
2018-07-02,672.7,669.35,679.45,677.2,1705000
2018-07-03,677.0,673.0,682.0,678.0,1613770
2018-07-04,680.2,676.8,687.55,684.15,906180
2018-07-05,672.4,668.7,686.0,686.0,1535900
2018-07-06,684.05,669.65,684.05,678.75,1120230
2018-07-09,675.0,675.0,690.0,689.95,881550
2018-07-10,693.95,686.15,701.8,699.9,2367600
2018-07-11,697.5,691.15,700.85,694.0,1441280
2018-07-12,691.0,688.15,697.7,697.05,1202920
2018-07-13,698.8,694.0,703.7,703.7,1009990
2018-07-16,700.5,694.1,702.85,699.7,997440
2018-07-17,695.95,686.5,696.9,690.05,854720
2018-07-18,691.0,690.15,702.0,701.45,1075110
2018-07-19,701.0,699.2,704.95,704.95,823010
2018-07-20,703.0,695.25,704.65,700.0,1155240
2018-07-23,697.3,692.8,702.45,693.2,663090
2018-07-24,693.0,687.3,694.1,691.7,539700
2018-07-25,689.45,688.1,705.8,705.0,814030
2018-07-26,706.2,701.25,715.0,710.7,893900
2018-07-27,710.0,702.6,713.5,707.8,508830
2018-07-30,706.05,703.1,718.0,718.0,1088480
2018-07-31,715.45,712.5,721.4,721.4,1710400
2018-08-01,719.8,717.4,731.0,728.9,1234690
2018-08-02,727.7,721.0,733.0,723.1,880590
2018-08-03,722.1,718.6,730.0,730.0,981660
2018-08-06,726.7,726.2,739.0,731.9,745720
2018-08-07,732.0,728.0,735.3,732.8,546890
2018-08-08,731.0,724.0,740.0,740.0,1120230
2018-08-09,738.9,732.5,747.5,747.5,1809850
2018-08-10,744.2,738.8,752.9,752.0,1461590
2018-08-13,752.0,749.3,763.3,758.5,1493690
2018-08-14,761.9,742.4,761.9,752.6,1469880
2018-08-15,753.4,738.6,753.5,753.5,1626420
2018-08-16,752.8,740.4,753.4,742.0,988520
2018-08-17,742.0,734.6,746.0,740.0,1095420
2018-08-20,743.5,742.3,751.0,751.0,742180
2018-08-21,753.4,746.3,759.9,757.8,735940
2018-08-22,757.0,751.4,764.8,764.8,1233890
2018-08-23,762.1,760.2,769.7,760.5,1275720
2018-08-24,760.0,755.7,775.0,774.9,1149040
2018-08-27,778.8,772.6,783.1,783.1,819330
2018-08-28,785.3,779.3,787.7,784.8,739040
2018-08-29,783.0,783.0,794.9,794.9,679230
2018-08-30,798.7,792.2,800.8,795.9,1395660
2018-08-31,796.0,777.5,796.4,783.1,1499560
2018-09-03,785.6,781.1,794.5,788.3,379150
2018-09-04,790.0,783.0,795.3,787.0,678630
2018-09-05,786.0,779.8,791.3,779.8,940950
2018-09-06,781.4,777.7,793.8,785.6,640090
2018-09-07,785.6,778.2,788.8,785.5,668690
2018-09-10,786.0,786.0,813.0,813.0,958870
2018-09-11,810.5,801.2,820.0,813.1,1761770
2018-09-12,817.4,794.0,818.9,798.8,1222200
2018-09-13,797.0,790.9,802.0,796.1,741820
2018-09-14,796.0,787.6,800.5,794.0,1053490
2018-09-17,796.0,782.0,796.3,784.9,923570
2018-09-18,784.9,776.0,787.0,786.8,915200
2018-09-19,789.0,778.8,789.4,783.9,1343400
2018-09-20,786.9,780.5,791.7,783.1,3298230
2018-09-21,786.8,783.6,798.2,795.5,4202110
2018-09-24,797.4,781.4,797.9,784.1,948930
2018-09-25,784.7,783.4,818.1,818.1,1962650
2018-09-26,817.0,810.0,820.5,813.3,1595890
2018-09-27,816.0,813.5,837.0,837.0,2266030
2018-09-28,834.0,818.6,835.9,835.4,1823150
2018-10-01,841.9,821.2,847.1,833.2,1103170
2018-10-02,836.0,807.8,836.7,813.8,1120840
2018-10-03,814.0,814.0,831.3,826.3,1123710
2018-10-04,827.8,816.0,830.0,819.6,970530
2018-10-05,818.7,810.1,831.5,810.1,1117270
2018-10-08,812.0,809.6,833.1,821.4,992670
2018-10-09,823.9,822.6,831.5,823.9,863380
2018-10-10,825.0,818.0,829.3,823.8,1176860
2018-10-11,797.0,772.3,803.5,778.3,1927250
2018-10-12,786.4,775.3,797.5,790.0,970860
2018-10-15,791.0,775.7,796.9,789.7,764530
2018-10-16,789.8,777.7,789.8,786.4,617390
2018-10-17,789.0,781.4,792.6,790.5,566250
2018-10-18,785.6,776.3,787.4,779.0,819740
2018-10-19,779.1,775.9,789.6,776.0,757600
2018-10-22,778.5,775.1,789.1,776.9,921320
2018-10-23,775.4,765.0,779.1,765.5,1174290
2018-10-24,769.9,765.7,784.2,776.6,1780600
2018-10-25,768.5,766.6,782.4,776.5,1356550
2018-10-26,778.7,750.1,778.7,762.1,901350
2018-10-29,760.0,755.7,764.7,762.9,405450
2018-10-30,759.1,741.8,759.7,754.9,762660
2018-10-31,757.1,757.1,784.4,784.4,1782530
2018-11-01,780.1,765.1,787.0,779.0,1124740
2018-11-02,782.0,775.0,793.4,792.7,1201390
2018-11-06,791.7,788.7,803.6,802.2,1136840
2018-11-07,801.8,791.3,814.1,814.1,1320330
2018-11-08,815.6,807.4,819.2,819.2,1081360
2018-11-09,815.5,798.4,815.5,813.4,940070
2018-11-12,811.0,810.2,824.0,812.3,620930
2018-11-13,810.0,792.1,813.8,793.0,1224910
2018-11-14,786.9,762.4,787.8,762.5,2120710
2018-11-15,765.8,752.3,768.9,752.3,901250
2018-11-16,759.6,751.5,766.3,760.8,1118670
2018-11-19,763.2,761.1,774.0,763.6,906720
2018-11-20,761.9,742.0,761.9,750.8,725510
2018-11-21,744.9,742.6,762.0,758.3,839430
2018-11-22,757.8,748.1,760.0,755.0,680030
2018-11-23,750.0,720.1,751.3,726.7,1514100
2018-11-26,727.0,692.6,729.6,705.7,1681460
2018-11-27,706.2,687.6,710.7,705.0,1164260
2018-11-28,706.2,705.4,735.8,725.6,1110760
2018-11-29,726.4,714.0,743.7,714.0,2206770
2018-11-30,714.1,710.1,720.0,712.7,2770880
2018-12-03,724.0,721.5,748.8,743.8,1924810
2018-12-04,746.0,738.3,771.3,771.3,1999700
2018-12-05,759.9,749.0,778.9,778.7,1770100
2018-12-06,765.1,753.5,778.4,765.0,1816270
2018-12-07,766.1,750.9,782.4,776.0,1612430
2018-12-10,769.3,759.9,771.7,759.9,918410
2018-12-11,760.0,747.8,772.8,760.0,1377790
2018-12-12,765.0,738.7,766.0,738.7,1210290
2018-12-13,738.7,730.0,746.1,736.0,1352020
2018-12-14,738.0,722.2,738.0,726.4,731260
2018-12-17,727.0,721.5,738.1,727.0,632750
2018-12-18,719.7,715.1,728.3,719.6,1433010
2018-12-19,716.7,700.7,720.0,714.3,1680500
2018-12-20,707.0,701.0,714.7,714.7,1420090
2018-12-21,709.6,693.4,713.9,710.0,2764480
2018-12-24,705.8,697.7,710.3,703.0,383360
2018-12-25,695.0,680.5,703.0,696.8,380130
2018-12-26,702.2,694.9,719.9,712.0,297040
2018-12-27,726.0,711.1,727.0,717.0,897460
2018-12-28,719.5,716.8,746.7,737.8,1242870
2018-12-29,734.9,649.4,741.8,737.9,173460
2019-01-03,737.9,715.7,737.9,731.8,1190950
2019-01-04,732.1,726.2,737.7,737.7,1027180
2019-01-08,716.0,708.1,724.0,723.2,1690440
2019-01-09,722.2,710.1,723.8,717.9,1251870
2019-01-10,718.2,712.1,733.0,732.6,1568390
2019-01-11,730.5,721.3,732.0,730.3,1411450
2019-01-14,728.2,719.3,728.6,725.0,1089120
2019-01-15,726.0,719.1,731.9,721.0,1526680
2019-01-16,722.5,718.6,728.5,722.0,1638590
2019-01-17,725.1,716.5,735.1,734.1,1999320
2019-01-18,734.0,729.1,742.9,741.0,1284550
2019-01-21,740.3,732.6,742.4,735.4,691100
2019-01-22,734.9,728.7,751.9,750.5,1714030
2019-01-23,748.1,746.3,784.3,784.0,2071520
2019-01-24,782.9,765.3,783.0,772.9,1471150
2019-01-25,775.9,770.0,798.9,798.9,1330100
2019-01-28,793.5,785.9,805.0,791.4,1624730
2019-01-29,789.1,781.0,799.8,798.8,1322990
2019-01-30,799.0,792.2,806.9,806.9,1256080
2019-01-31,810.1,801.9,814.9,806.9,2038410
2019-02-01,802.4,801.4,815.0,808.1,1340520
2019-02-04,808.1,802.1,808.8,803.2,896220
2019-02-05,805.2,803.1,814.0,810.0,648090
2019-02-06,808.0,798.5,811.0,804.0,945580
2019-02-07,802.0,795.0,809.4,804.7,1004990
2019-02-08,800.9,786.0,802.3,787.3,964400
2019-02-11,787.3,778.6,795.0,780.0,899360
2019-02-12,782.5,774.2,785.6,784.5,1115560
2019-02-13,784.7,761.6,785.1,761.6,1212440
2019-02-14,756.9,755.7,779.0,763.9,1409670
2019-02-15,768.0,762.8,790.3,790.3,1192470
2019-02-18,786.2,771.2,788.3,778.5,894130
2019-02-19,778.0,770.0,781.9,772.8,621840
2019-02-20,775.8,772.7,794.3,793.6,1394400
2019-02-21,793.6,791.3,799.6,796.0,1275550
2019-02-22,794.2,793.2,800.5,799.9,857800
2019-02-25,799.9,783.0,800.0,787.1,948350
2019-02-26,783.1,779.1,789.9,789.9,1098100
2019-02-27,793.8,785.2,797.7,794.9,1584050
2019-02-28,793.0,775.5,796.5,776.1,2349100
2019-03-01,779.6,774.1,783.1,775.2,1180380
2019-03-04,779.2,770.1,779.6,770.1,449260
2019-03-05,767.0,760.0,770.0,760.0,621250
2019-03-06,761.8,761.8,770.0,766.0,678900
2019-03-07,767.2,753.9,767.2,755.2,918180
2019-03-11,753.0,742.6,756.0,747.0,852560
2019-03-12,749.0,727.9,751.3,732.5,1117210
2019-03-13,735.0,716.6,735.0,729.0,1149360
2019-03-14,731.0,724.1,737.8,731.8,1048680
2019-03-15,731.7,729.4,744.4,743.8,2610990
2019-03-18,739.6,737.0,757.8,753.1,1007050
2019-03-19,754.6,751.5,768.1,767.0,1282590
2019-03-20,767.1,760.8,780.0,772.6,1263710
2019-03-21,773.6,757.6,783.0,768.0,2566440
2019-03-22,763.6,753.0,772.8,757.2,1237150
2019-03-25,750.6,745.8,758.5,747.2,707220
2019-03-26,750.8,746.8,760.4,755.5,771640
2019-03-27,757.8,744.2,765.0,746.9,786270
2019-03-28,745.0,744.8,759.4,755.6,724920
2019-03-29,758.9,748.9,764.8,755.0,1820330
2019-04-01,755.6,750.7,763.3,750.7,761040
2019-04-02,748.3,738.0,755.0,742.9,1052620
2019-04-03,746.0,743.1,754.2,743.1,1159920
2019-04-04,745.0,730.4,745.9,733.1,923210
2019-04-05,734.0,726.4,738.0,731.2,627690
2019-04-08,732.0,731.3,755.8,754.2,1282920
2019-04-09,755.0,750.2,763.2,760.9,1157700
2019-04-10,762.0,755.0,767.0,758.8,1948070
2019-04-11,764.9,746.4,764.9,751.0,1064050
2019-04-12,751.0,743.0,753.8,750.5,810720
2019-04-15,751.0,738.8,751.6,741.9,633800
2019-04-16,742.1,738.9,752.0,746.9,919920
2019-04-17,748.0,745.1,754.9,751.6,1024430
2019-04-18,751.6,741.0,751.6,749.2,638890
2019-04-19,748.8,748.0,750.0,748.9,97730
2019-04-22,750.1,750.1,756.5,752.0,150860
2019-04-23,757.8,743.0,757.8,750.2,567580
2019-04-24,749.9,740.3,753.5,743.5,1327960
2019-04-25,742.4,734.1,744.6,738.2,1113910
2019-04-26,741.3,733.2,777.3,767.3,3069240
2019-04-29,765.5,749.5,767.3,754.9,1075940
2019-04-30,753.8,751.1,764.4,757.5,1457470
2019-05-02,758.5,753.3,769.7,754.1,907290
2019-05-03,758.0,755.6,769.0,765.5,932560
2019-05-06,760.8,755.2,769.0,765.3,486580
2019-05-07,763.5,742.0,768.8,750.5,1750380
2019-05-08,748.5,723.2,748.5,723.2,2018990
2019-05-10,724.8,704.1,727.7,705.1,2052600
2019-05-13,705.5,689.6,716.2,690.9,2105820
2019-05-14,693.2,693.2,739.4,706.4,4418060
2019-05-15,706.9,691.4,714.0,693.3,2032120
2019-05-16,692.5,675.3,708.1,675.9,2599530
2019-05-17,669.0,666.0,697.1,679.4,3408540
2019-05-20,684.7,673.5,686.7,681.1,2056550
2019-05-21,684.0,680.3,707.9,706.7,2015470
2019-05-22,705.6,699.1,721.8,720.0,2291760
2019-05-23,723.0,704.4,723.3,708.0,1471140
2019-05-24,711.1,696.8,718.4,696.8,1559300
2019-05-27,698.5,695.0,704.2,695.3,586950
2019-05-28,696.1,685.0,714.4,702.8,6985990
2019-05-29,700.5,697.5,725.9,725.9,2609480
2019-05-30,725.1,725.1,759.5,754.1,2902170
2019-05-31,742.9,735.0,759.0,748.5,2401840
2019-06-03,745.4,740.5,760.8,759.9,1904820
2019-06-04,759.9,752.1,771.5,766.9,2215320
2019-06-05,769.7,744.6,769.7,755.7,1186110
2019-06-06,755.7,752.0,763.3,758.6,1424500
2019-06-07,768.0,753.6,775.0,753.6,1435370
2019-06-10,757.9,752.4,761.8,759.4,973270
2019-06-11,760.7,757.0,778.1,777.4,2893530
2019-06-13,773.4,763.2,779.8,770.0,2014230
2019-06-14,764.1,761.0,773.7,765.0,1330060
2019-06-17,767.6,758.8,769.1,759.7,1109320
2019-06-18,759.9,757.3,779.7,775.0,1480230
2019-06-19,775.2,768.3,781.3,771.9,1112350
2019-06-20,777.0,773.0,789.9,789.4,2760660
2019-06-21,791.0,769.2,791.0,776.8,3199900
2019-06-24,777.4,767.2,778.7,769.8,1359870
2019-06-25,769.0,753.4,772.9,763.5,1430080
2019-06-26,767.8,757.7,773.9,770.0,1933310
2019-06-27,771.2,767.3,777.9,773.3,1422550
2019-06-28,776.0,770.6,781.2,774.9,1330430
2019-07-01,779.8,768.0,784.3,768.0,1576010
2019-07-02,768.9,765.3,772.6,769.4,2444570
2019-07-03,774.6,766.0,784.0,780.0,3179400
2019-07-04,752.7,750.2,760.5,760.5,1872290
2019-07-05,763.8,757.2,766.1,762.7,1386370
2019-07-08,762.7,755.1,762.7,760.9,954240
2019-07-09,758.6,748.7,765.0,753.6,1128610
2019-07-10,751.3,745.2,755.2,748.0,874800
2019-07-11,750.0,733.3,750.2,741.3,1125790
2019-07-12,740.1,725.2,741.2,726.9,996990
2019-07-15,728.1,717.5,731.9,717.5,790200
2019-07-16,717.3,716.1,731.6,730.0,1800370
2019-07-17,726.5,726.5,749.3,741.0,2851380
2019-07-18,739.6,730.5,742.6,738.0,1721410
2019-07-19,735.6,735.6,752.0,744.0,1682060
2019-07-22,744.1,733.6,747.9,733.6,1006730
2019-07-23,734.6,733.8,747.9,747.9,1800030
2019-07-24,751.7,737.2,751.7,741.3,1631300
2019-07-25,742.9,734.0,746.6,740.5,2183900
2019-07-26,738.9,732.9,741.4,734.6,1532230
2019-07-29,734.0,734.0,743.4,738.1,1235460
2019-07-30,735.1,728.0,742.0,737.5,1404870
2019-07-31,737.0,730.3,743.2,743.2,2554580
2019-08-01,741.0,738.2,758.8,755.0,2536390
2019-08-02,751.0,731.2,755.8,732.2,2252600
2019-08-05,731.9,716.4,732.5,716.4,1698850
2019-08-06,722.6,720.6,746.7,740.0,3484340
2019-08-07,739.0,727.7,741.7,727.8,1516990
2019-08-08,734.3,733.4,740.9,738.7,1291030
2019-08-09,737.5,735.9,741.0,737.3,1010030
2019-08-12,738.0,734.7,744.3,738.6,693160
2019-08-13,733.3,721.1,739.7,729.0,2225140
2019-08-14,729.3,706.0,732.3,709.4,1511230
2019-08-15,711.6,702.5,717.8,702.5,1732740
2019-08-16,705.6,702.2,713.8,705.0,1640110
2019-08-19,709.7,706.1,717.5,712.8,1191920
2019-08-20,716.3,714.5,724.0,721.1,1009720
2019-08-21,723.1,717.1,726.0,718.6,1404250
2019-08-22,719.5,715.6,722.3,717.6,1518350
2019-08-23,718.0,715.1,721.5,718.1,1459850
2019-08-26,715.0,711.0,725.3,716.9,1141750
2019-08-27,719.9,704.1,720.0,720.0,6687970
2019-08-28,721.0,716.0,724.2,717.9,2569240
2019-08-29,715.1,715.1,724.6,723.6,1287980
2019-08-30,723.3,723.1,743.1,743.1,2719280
2019-09-02,744.0,742.1,751.8,747.7,1067898
2019-09-03,743.7,737.1,749.8,746.0,1147580
2019-09-04,749.1,740.0,754.0,740.0,2235241
2019-09-05,743.6,739.8,749.1,743.7,1624766
2019-09-06,746.2,736.5,753.0,753.0,1681043
2019-09-09,753.9,748.7,757.8,752.8,1002445
2019-09-10,751.1,743.0,752.8,746.7,2096877
2019-09-11,745.4,745.4,752.5,749.0,1469207
2019-09-12,747.0,736.0,748.0,738.6,2033921
2019-09-13,736.0,727.5,739.9,733.3,1255724
2019-09-16,744.0,738.4,761.5,759.9,5254516
2019-09-17,752.9,747.4,768.2,756.1,4093893
2019-09-18,754.2,751.0,758.9,753.0,1884795
2019-09-19,752.7,741.9,754.9,741.9,2418136
2019-09-20,741.8,739.0,748.7,748.7,3009479
2019-09-23,746.1,737.3,749.5,743.4,2169412
2019-09-24,742.5,730.0,744.9,734.3,2250639
2019-09-25,729.1,726.1,740.0,740.0,3326200
2019-09-26,704.7,699.2,709.7,704.9,1986163
2019-09-27,705.9,697.5,708.3,697.5,1578103
2019-09-30,698.8,687.4,701.7,687.4,2043033
2019-10-01,689.6,688.0,700.9,694.9,1386145
2019-10-02,695.0,686.0,695.7,688.8,1232702
2019-10-03,687.2,671.2,688.2,676.3,1799564
2019-10-04,682.1,678.4,694.5,681.5,1885607
2019-10-07,684.5,680.1,694.2,691.5,985360
2019-10-08,689.5,685.5,694.5,688.5,919840
2019-10-09,688.8,687.1,697.2,690.5,1052102
2019-10-10,693.9,687.6,701.6,698.4,923450
2019-10-11,701.0,700.3,709.9,709.7,1178526
2019-10-14,708.9,695.3,711.8,700.0,921349
2019-10-15,700.0,694.2,703.0,700.8,1280477
2019-10-16,702.7,699.6,710.9,708.9,1702075
2019-10-17,708.0,702.2,708.0,707.3,1154815
2019-10-18,704.2,704.1,710.0,706.8,1103335
2019-10-21,707.9,704.8,721.9,721.9,1532311
2019-10-22,720.0,718.0,738.0,738.0,2372136
2019-10-23,737.8,731.8,749.9,749.9,2301898
2019-10-24,748.0,745.7,759.9,759.9,2809101
2019-10-25,756.8,740.1,760.0,749.6,2014317
2019-10-28,752.2,740.7,755.9,749.9,1261607
2019-10-29,749.0,744.6,752.0,752.0,1761176
2019-10-30,747.3,743.2,759.8,759.8,1913151
2019-10-31,757.9,746.3,764.0,748.2,2344654
2019-11-01,747.0,741.1,755.4,755.4,1182706
2019-11-05,756.0,756.0,773.0,773.0,1974059
2019-11-06,771.6,765.6,787.0,787.0,1874124
2019-11-07,782.3,777.0,799.7,797.9,2080005
2019-11-08,797.2,778.3,799.4,782.2,1966252
2019-11-11,781.7,771.4,783.2,778.8,1432220
2019-11-12,780.0,773.0,786.0,777.4,1686361
2019-11-13,770.0,767.8,774.4,772.7,963646
2019-11-14,776.0,762.2,777.5,773.9,1975384
2019-11-15,774.0,758.7,778.6,764.0,1740799
2019-11-18,765.9,752.1,768.9,753.8,1500951
2019-11-19,756.0,751.7,760.7,760.0,1149428
2019-11-20,758.0,747.0,763.0,760.0,1500722
2019-11-21,760.0,748.2,761.0,759.0,1710079
2019-11-22,758.0,755.7,764.0,761.2,1565511
2019-11-25,764.0,754.2,764.0,760.0,1039368
2019-11-26,759.9,742.4,760.8,747.1,5553670
2019-11-27,749.2,743.5,753.9,749.0,1526846
2019-11-28,748.8,745.1,751.9,747.8,394086
2019-11-29,748.0,738.5,748.2,740.4,1427765
2019-12-02,744.3,741.8,749.9,747.9,1903123
2019-12-03,747.9,734.2,749.7,734.2,1757808
2019-12-04,736.7,733.9,743.5,740.9,1066012
2019-12-05,740.0,733.6,746.8,745.0,1169831
2019-12-06,746.9,736.7,752.3,752.3,1647121
2019-12-09,750.3,748.5,761.7,759.2,1906685
2019-12-10,757.0,748.6,758.3,751.0,1490487
2019-12-11,750.0,749.7,768.0,762.4,2132274
2019-12-12,764.2,764.2,786.3,780.6,2745436
2019-12-13,781.8,779.5,794.0,793.2,2265853
2019-12-16,793.0,783.2,795.0,788.8,2054928
2019-12-17,789.2,787.5,798.2,791.2,2614611
2019-12-18,791.9,782.0,793.7,791.5,2723466
2019-12-19,792.1,785.7,797.0,788.0,1976413
2019-12-20,790.0,780.3,791.9,780.8,2096301
2019-12-23,781.0,779.3,790.5,788.9,1282800
2019-12-24,789.7,781.5,791.1,781.5,642815
2019-12-25,781.5,779.3,787.0,784.5,449736
2019-12-26,789.8,784.6,794.0,789.0,1072448
2019-12-27,768.0,763.0,778.1,770.0,3188745
2019-12-30,765.3,759.1,772.8,759.7,1631283
2020-01-03,767.0,765.6,777.4,776.7,2902381
2020-01-06,782.9,774.2,782.9,776.0,4200767
2020-01-08,777.6,775.3,797.0,788.0,2693260
2020-01-09,786.1,782.2,810.2,806.7,2635648
2020-01-10,807.0,800.1,808.8,801.0,1519257
2020-01-13,799.0,796.0,807.0,806.0,1954752
2020-01-14,807.0,802.5,815.9,811.6,2320716
2020-01-15,809.9,802.0,815.5,807.0,2201574
2020-01-16,809.0,805.0,815.4,808.9,1567515
2020-01-17,811.0,807.0,814.0,809.6,1795176
2020-01-20,812.2,810.4,837.4,830.0,2369310
2020-01-21,825.4,819.3,829.0,825.0,1968736
2020-01-22,827.2,813.3,828.8,818.0,1760219
2020-01-23,814.0,796.2,817.0,800.0,2482722
2020-01-24,802.0,794.0,809.3,795.7,1373397
2020-01-27,786.3,776.6,791.8,779.8,1716962
2020-01-28,781.3,773.3,788.2,779.0,1755553
2020-01-29,785.7,777.6,791.9,780.0,1865354
2020-01-30,777.9,770.1,784.0,777.0,1562951
2020-01-31,784.0,761.0,788.0,761.0,2505944
2020-02-03,757.0,749.0,762.1,751.6,3135172
2020-02-04,753.5,747.0,768.6,764.3,3754424
2020-02-05,766.1,754.0,775.2,765.3,3839437
2020-02-06,770.2,760.7,775.3,762.9,2833050
2020-02-07,763.1,748.2,766.9,752.0,2562555
2020-02-10,753.0,738.2,753.0,741.0,2255782
2020-02-11,747.7,745.7,757.2,753.7,2120411
2020-02-12,755.5,753.0,770.0,768.2,4307947
2020-02-13,765.1,758.3,766.7,763.0,2109268
2020-02-14,764.0,759.2,767.9,763.1,1495103
2020-02-17,763.5,762.9,768.8,766.1,1071095
2020-02-18,764.8,750.8,764.8,750.8,1601923
2020-02-19,755.0,755.0,767.8,765.4,1781755
2020-02-20,768.0,764.1,771.8,764.1,1675456
2020-02-21,759.0,755.0,763.0,755.0,1204604
2020-02-25,744.2,721.0,747.7,721.4,3808339
2020-02-26,718.0,714.5,733.0,724.3,4534368
2020-02-27,718.0,691.6,723.3,691.6,3509811
2020-02-28,679.4,625.1,684.4,671.6,7843111
2020-03-02,698.0,664.1,698.0,667.9,5137564
2020-03-03,681.3,677.1,694.4,682.7,4179077
2020-03-04,672.5,668.0,696.3,695.3,3804157
2020-03-05,703.9,684.6,705.2,696.2,2948753
2020-03-06,684.0,653.1,689.0,658.5,4712385
2020-03-10,592.7,527.6,612.9,530.0,10704701
2020-03-11,539.0,521.3,558.1,527.7,5367464
2020-03-12,508.0,460.5,508.0,469.8,7993007
2020-03-13,469.9,458.7,500.6,458.7,9096400
2020-03-16,445.1,426.0,458.0,442.3,7628624
2020-03-17,442.9,402.1,451.7,422.1,7569075
2020-03-18,408.0,382.7,418.0,385.0,8831154
2020-03-19,387.1,372.0,457.4,455.9,10634411
2020-03-20,470.2,470.2,542.5,515.6,13532731
2020-03-23,475.0,470.0,527.9,503.8,8201433
2020-03-24,550.3,531.5,581.8,561.2,8608690
2020-03-25,576.0,534.8,589.5,562.2,9344335
2020-03-26,558.0,544.3,572.4,560.0,4782640
2020-03-27,563.0,514.4,567.0,530.0,5768566
2020-03-30,519.3,500.0,528.8,521.8,4069349
2020-03-31,533.0,531.7,558.3,552.6,5239766
2020-04-01,538.8,532.0,545.3,544.0,4144644
2020-04-02,574.0,550.0,587.7,585.0,8881300
2020-04-03,585.1,578.1,629.5,600.6,7275898
2020-04-06,608.0,594.6,613.8,608.9,3529568
2020-04-07,621.0,575.2,624.8,583.6,7567669
2020-04-08,583.8,574.8,598.0,598.0,4702175
2020-04-09,603.4,586.0,610.0,606.2,7167887
2020-04-10,601.3,590.0,601.8,601.4,1470900
2020-04-13,597.8,581.7,601.0,587.0,2592648
2020-04-14,591.0,547.1,597.7,554.6,6638239
2020-04-15,547.6,503.3,548.1,510.6,9626241
2020-04-16,512.7,491.6,526.9,510.4,11297986
2020-04-17,522.1,513.4,527.5,516.4,6096647
2020-04-20,508.5,480.6,523.5,488.4,10796995
2020-04-21,473.2,455.5,486.0,476.7,11853306
2020-04-22,465.0,465.0,521.0,514.4,12592134
2020-04-23,524.6,510.8,539.4,532.2,8610695
2020-04-24,529.0,514.0,530.9,521.9,5338945
2020-04-27,520.0,514.0,527.9,516.7,3719260
2020-04-28,513.0,511.5,538.0,529.8,5690964
2020-04-29,537.0,532.4,559.0,558.6,6363551
2020-04-30,566.0,546.7,576.9,550.0,9803727
2020-05-04,540.0,529.0,551.4,544.9,4624779
2020-05-05,556.6,547.6,563.4,551.6,3726063
2020-05-06,555.7,538.2,559.9,541.5,5137721
2020-05-07,544.0,539.2,549.0,544.0,3965536
2020-05-08,546.0,538.3,549.5,546.5,2097397
2020-05-12,545.9,539.3,547.3,541.9,3606864
2020-05-13,540.0,516.0,540.6,517.8,4877626
2020-05-14,516.7,508.2,524.5,522.6,5088036
2020-05-15,529.0,514.2,535.6,514.2,4676662
2020-05-18,523.7,523.3,552.5,549.0,6527467
2020-05-19,552.3,544.6,558.3,549.6,4700293
2020-05-20,544.5,538.3,568.5,566.5,5873186
2020-05-21,564.2,537.9,575.0,540.0,6839174
2020-05-22,530.0,529.2,548.1,544.0,3784824
2020-05-25,549.0,547.9,565.0,557.0,1867913
2020-05-26,568.0,559.3,575.4,559.9,4532644
2020-05-27,557.1,546.2,572.2,559.8,4980870
2020-05-28,568.2,555.3,569.7,565.0,4264789
2020-05-29,562.9,532.0,562.9,532.0,21343140
2020-06-01,545.0,541.3,552.7,542.5,7294505
2020-06-02,548.4,546.4,560.2,560.1,5763750
2020-06-03,565.0,501.2,571.0,569.0,9138900
2020-06-04,567.7,555.4,567.7,559.2,5546730
2020-06-05,565.0,561.1,574.0,569.9,4717619
2020-06-08,575.0,570.5,597.4,578.4,7834180
2020-06-09,580.0,575.0,589.7,586.5,5818527
2020-06-10,592.0,581.2,599.4,595.9,7614701
2020-06-11,586.4,571.0,587.2,577.0,5318616
2020-06-15,564.6,551.4,582.8,581.6,4800609
2020-06-16,591.2,576.5,596.1,581.0,5689109
2020-06-17,582.5,565.4,590.2,565.4,6247053
2020-06-18,566.5,560.5,579.2,576.0,4896074
2020-06-19,580.0,578.0,593.7,586.5,7881047
2020-06-22,582.0,574.8,592.5,589.1,3475895
2020-06-23,593.2,586.1,594.5,588.6,3299486
2020-06-25,577.9,570.0,584.8,584.7,3783439
2020-06-26,583.0,566.1,586.0,572.6,3582929
2020-06-29,570.0,561.3,572.1,568.4,3023234
2020-06-30,566.8,552.0,568.8,556.3,4303907
2020-07-02,562.1,558.8,569.4,567.5,3203184
2020-07-03,569.1,563.1,569.1,568.0,1603402
2020-07-06,576.0,567.0,579.8,570.6,3252492
2020-07-07,567.3,560.0,572.3,565.5,2619200
2020-07-08,566.7,556.5,567.1,560.6,2267471
2020-07-09,561.9,549.2,562.1,552.5,3011549
2020-07-10,548.8,543.4,563.0,562.7,3496974
2020-07-13,563.7,544.5,566.6,546.5,2123032
2020-07-14,545.9,534.2,548.1,547.9,2907196
2020-07-15,550.0,546.4,555.7,553.3,2788164
2020-07-16,550.0,548.2,556.2,553.6,1610504
2020-07-17,550.9,545.0,555.0,550.9,2081198
2020-07-20,549.9,546.4,556.4,554.9,2275641
2020-07-21,558.0,556.6,566.7,560.4,3026653
2020-07-22,561.8,556.6,564.3,560.9,1925844
2020-07-23,564.9,558.2,568.4,559.0,2153910
2020-07-24,558.5,557.0,565.3,564.7,1537678
2020-07-27,566.8,556.6,567.1,560.9,2301623
2020-07-28,562.0,554.4,563.0,557.0,1922223
2020-07-29,557.5,555.6,564.8,563.0,1931942
2020-07-30,560.0,552.4,563.7,558.4,2017042
2020-07-31,558.0,550.3,559.3,554.7,1717888
2020-08-03,550.8,543.9,553.8,547.2,2607625
2020-08-04,545.6,541.5,548.8,546.8,2033341
2020-08-05,547.0,545.3,562.5,558.4,3420356
2020-08-06,562.2,556.2,562.6,561.4,2656845
2020-08-07,559.1,554.0,562.2,559.4,1592844
2020-08-10,560.1,555.4,564.0,559.8,2690501
2020-08-11,561.9,560.2,590.0,581.0,5649021
2020-08-12,582.0,582.0,608.4,605.6,6686385
2020-08-13,604.8,598.0,615.6,604.9,4374311
2020-08-14,609.5,600.0,612.0,608.5,3047028
2020-08-17,611.9,596.3,616.4,600.1,3634791
2020-08-18,599.0,594.4,611.2,597.6,3383492
2020-08-19,598.6,583.0,598.6,590.9,2263762
2020-08-20,589.0,562.5,589.7,572.8,4193419
2020-08-21,574.9,555.1,577.3,566.1,3608209
2020-08-24,568.0,565.5,573.7,570.7,2166473
2020-08-25,573.0,565.2,575.0,571.0,1840835
2020-08-26,570.1,563.2,574.6,571.6,2428397
2020-08-27,572.0,560.0,574.0,561.4,2393933
2020-08-28,561.6,553.3,561.9,556.8,2143552
2020-08-31,557.1,544.5,561.2,547.8,4130592
2020-09-01,549.9,543.1,550.8,549.5,3142307
2020-09-02,552.2,541.4,553.5,545.0,3580128
2020-09-03,541.1,529.2,544.6,532.6,4753467
2020-09-04,532.9,529.3,540.4,536.4,2952595
2020-09-07,534.4,531.6,538.3,533.9,1297907
2020-09-08,534.0,519.1,534.7,523.9,3236203
2020-09-09,519.7,519.7,531.3,529.7,2639915
2020-09-10,530.5,522.3,531.1,528.0,2271576
2020-09-11,528.0,527.0,537.6,537.6,2473443
2020-09-14,539.0,536.3,547.6,538.9,3029025
2020-09-15,538.1,537.2,553.1,552.8,2919032
2020-09-16,554.0,516.1,557.5,531.4,10463088
2020-09-17,527.0,508.1,529.7,517.4,10182448
2020-09-18,518.1,503.8,520.0,507.8,7362769
2020-09-21,506.8,475.7,506.8,480.7,9269311
2020-09-22,478.8,469.2,482.8,479.7,7087674
2020-09-23,479.9,460.0,480.1,460.0,6441841
2020-09-24,460.0,448.7,471.4,467.5,9296228
2020-09-25,469.9,457.4,470.8,464.0,4878409
2020-09-28,464.5,456.6,479.9,474.5,7096901
2020-09-29,474.8,461.1,478.4,464.7,4484973
2020-09-30,462.1,460.8,469.4,463.6,3592503
2020-10-01,466.5,457.3,468.0,458.5,3007368
2020-10-02,454.0,449.5,456.5,453.1,3014673
2020-10-05,455.5,455.4,474.0,473.5,4352689
2020-10-06,473.1,464.9,486.7,472.5,6652989
2020-10-07,476.8,461.6,479.7,468.1,5222600
2020-10-08,469.2,461.1,473.5,464.5,3451152
2020-10-09,455.3,451.5,460.2,459.0,3702196
2020-10-12,459.0,452.0,459.0,453.6,3014735
2020-10-13,454.3,439.6,455.9,442.6,4111532
2020-10-14,441.7,437.2,446.5,443.4,3808268
2020-10-15,441.6,427.7,442.5,434.1,5268506
2020-10-16,432.3,426.2,433.8,429.2,4216166
2020-10-19,430.5,414.9,432.8,415.7,3847930
2020-10-20,415.1,406.4,424.8,421.2,7556440
2020-10-21,421.7,416.1,428.6,416.9,5159655
2020-10-22,416.0,413.9,425.9,424.6,4207107
2020-10-23,424.4,423.2,440.6,438.7,6182712
2020-10-26,436.0,426.4,437.3,430.1,3436573
2020-10-27,433.2,417.9,433.5,420.5,4462646
